name,position,week,receptions,targets,receiving_yards,receiving_yards_per_reception,receiving_touchdowns,rushing_attempts,rushing_yards,rushing_yards_per_attempt,rushing_touchdowns,standard_points,half_ppr_points,ppr_points
Puka Nacua,WR,1,10,15,119,11.9,0,0,0,0.0,0,11.9,16.9,21.9
Kyle Pitts,TE,1,2,3,44,22.0,0,0,0,0.0,0,4.4,5.4,6.4
Josh Jacobs,RB,1,2,3,23,11.5,0,19,48,2.53,0,7.1,8.1,9.1
Calvin Ridley,WR,1,8,11,101,12.63,1,0,0,0.0,0,16.1,20.1,24.1
Raheem Mostert,RB,1,2,2,13,6.5,0,10,37,3.7,1,11.0,12.0,13.0
Zach Ertz,TE,1,6,10,21,3.5,0,0,0,0.0,0,2.1,5.1,8.1
Puka Nacua,WR,2,15,20,147,9.8,0,2,4,2.0,0,15.1,22.6,30.1
Kyle Pitts,TE,2,2,5,15,7.5,0,0,0,0.0,0,1.5,2.5,3.5
Josh Jacobs,RB,2,5,6,51,10.2,0,9,-2,-0.22,0,4.9,7.4,9.9
Calvin Ridley,WR,2,2,8,32,16.0,0,0,0,0.0,0,3.2,4.2,5.2
Raheem Mostert,RB,2,1,1,6,6.0,0,18,121,6.72,2,24.7,25.2,25.7
Zach Ertz,TE,2,6,8,56,9.33,0,0,0,0.0,0,5.6,8.6,11.6
Puka Nacua,WR,3,5,7,72,14.4,0,0,0,0.0,0,7.2,9.7,12.2
Kyle Pitts,TE,3,5,9,41,8.2,0,1,-4,-4.0,0,3.7,6.2,8.7
Josh Jacobs,RB,3,3,5,18,6.0,0,17,62,3.65,0,8.0,9.5,11.0
Calvin Ridley,WR,3,3,7,40,13.33,0,0,0,0.0,0,4.0,5.5,7.0
Raheem Mostert,RB,3,7,7,60,8.57,1,13,82,6.31,3,38.2,41.7,45.2
Zach Ertz,TE,3,2,2,6,3.0,0,0,0,0.0,0,0.6,1.6,2.6
Puka Nacua,WR,4,9,10,163,18.11,1,0,0,0.0,0,22.3,26.8,31.3
Kyle Pitts,TE,4,2,4,21,10.5,0,0,0,0.0,0,2.1,3.1,4.1
Josh Jacobs,RB,4,8,11,81,10.13,0,17,58,3.41,1,19.9,23.9,27.9
Calvin Ridley,WR,4,2,2,38,19.0,1,0,0,0.0,0,9.8,10.8,11.8
Raheem Mostert,RB,4,3,5,36,12.0,0,7,9,1.29,0,2.5,4.0,5.5
Zach Ertz,TE,4,6,10,53,8.83,0,0,0,0.0,0,5.3,8.3,11.3
Puka Nacua,WR,5,7,11,71,10.14,1,0,0,0.0,0,13.1,16.6,20.1
Kyle Pitts,TE,5,7,11,87,12.43,0,0,0,0.0,0,8.7,12.2,15.7
Josh Jacobs,RB,5,5,5,20,4.0,0,20,69,3.45,1,14.9,17.4,19.9
Calvin Ridley,WR,5,7,8,122,17.43,0,2,14,7.0,0,13.6,17.1,20.6
Raheem Mostert,RB,5,2,2,13,6.5,0,10,65,6.5,1,13.8,14.8,15.8
Zach Ertz,TE,5,2,4,10,5.0,1,0,0,0.0,0,7.0,8.0,9.0
Tyreek Hill,WR,1,11,15,215,19.5,2,0,0,0.0,0,0.0,39.0,0.0
Brandon Aiyuk,WR,1,8,8,129,16.1,2,0,0,0.0,0,0.0,28.9,0.0
Jakobi Meyers,WR,1,9,10,81,9.0,2,0,0,0.0,0,0.0,24.6,0.0
Kendrick Bourne,WR,1,6,11,64,10.7,2,0,0,0.0,0,0.0,21.4,0.0
Stefon Diggs,WR,1,10,13,102,10.2,1,0,0,0.0,0,0.0,21.2,0.0
Calvin Ridley,WR,1,8,11,101,12.6,1,0,0,0.0,0,0.0,20.1,0.0
Michael Pittman Jr.,WR,1,8,11,97,12.1,1,0,0,0.0,0,0.0,19.7,0.0
Justin Jefferson,WR,1,9,12,150,16.7,0,0,0,0.0,0,0.0,19.5,0.0
Puka Nacua,WR,1,10,15,119,11.9,0,0,0,0.0,0,0.0,16.9,0.0
Romeo Doubs,WR,1,4,5,26,6.5,2,0,0,0.0,0,0.0,16.6,0.0
Rashid Shaheed,WR,1,5,6,89,17.8,1,2,11,5.5,0,0.0,16.5,0.0
Amon-Ra St. Brown,WR,1,6,9,71,11.8,1,0,0,0.0,0,0.0,16.1,0.0
Mike Evans,WR,1,6,10,66,11.0,1,0,0,0.0,0,0.0,15.6,0.0
Chris Olave,WR,1,8,10,112,14.0,0,0,0,0.0,0,0.0,15.2,0.0
Tutu Atwell,WR,1,6,8,119,19.8,0,0,0,0.0,0,0.0,14.9,0.0
DeVonta Smith,WR,1,7,10,47,6.7,1,0,0,0.0,0,0.0,14.2,0.0
Jordan Addison,WR,1,4,6,61,15.3,1,0,0,0.0,0,0.0,14.1,0.0
Zay Jones,WR,1,5,7,55,11.0,1,0,0,0.0,0,0.0,14.0,0.0
Darnell Mooney,WR,1,4,7,53,13.3,1,0,0,0.0,0,0.0,13.3,0.0
Zay Flowers,WR,1,9,10,78,8.7,0,2,9,4.5,0,0.0,13.2,0.0
DK Metcalf,WR,1,3,5,47,15.7,1,0,0,0.0,0,0.0,12.2,0.0
Garrett Wilson,WR,1,5,5,34,6.8,1,0,0,0.0,0,0.0,11.9,0.0
River Cracraft,WR,1,3,5,40,13.3,1,0,0,0.0,0,0.0,11.5,0.0
A.J. Brown,WR,1,7,10,79,11.3,0,0,0,0.0,0,0.0,11.4,0.0
Keenan Allen,WR,1,6,9,76,12.7,0,2,6,3.0,0,0.0,11.2,0.0
Courtland Sutton,WR,1,4,5,32,8.0,1,0,0,0.0,0,0.0,11.2,0.0
Nico Collins,WR,1,6,11,80,13.3,0,0,0,0.0,0,0.0,11.0,0.0
Rashee Rice,WR,1,3,5,29,9.7,1,1,-3,-3.0,0,0.0,10.1,0.0
Josh Reynolds,WR,1,4,7,80,20.0,0,0,0,0.0,0,0.0,10.0,0.0
DeAndre Hopkins,WR,1,7,13,65,9.3,0,0,0,0.0,0,0.0,10.0,0.0
Jaylen Waddle,WR,1,4,5,78,19.5,0,0,0,0.0,0,0.0,9.8,0.0
CeeDee Lamb,WR,1,4,4,77,19.3,0,0,0,0.0,0,0.0,9.7,0.0
Davante Adams,WR,1,6,9,66,11.0,0,0,0,0.0,0,0.0,9.6,0.0
KaVontae Turpin,WR,1,2,3,11,5.5,0,3,14,4.7,1,0.0,9.5,0.0
Allen Robinson II,WR,1,5,8,64,12.8,0,0,0,0.0,0,0.0,8.9,0.0
Deebo Samuel,WR,1,5,7,55,11.0,0,2,8,4.0,0,0.0,8.8,0.0
Robert Woods,WR,1,6,10,57,9.5,0,0,0,0.0,0,0.0,8.7,0.0
Michael Thomas,WR,1,5,8,61,12.2,0,0,0,0.0,0,0.0,8.6,0.0
Curtis Samuel,WR,1,5,5,54,10.8,0,1,6,6.0,0,0.0,8.5,0.0
Lil'Jordan Humphrey,WR,1,2,2,11,5.5,1,0,0,0.0,0,0.0,8.1,0.0
Trey Palmer,WR,1,2,3,8,4.0,1,0,0,0.0,0,0.0,7.8,0.0
Nick Westbrook-Ikhine,WR,1,4,7,58,14.5,0,0,0,0.0,0,0.0,7.8,0.0
Elijah Moore,WR,1,3,7,43,14.3,0,2,19,9.5,0,0.0,7.7,0.0
Chris Godwin,WR,1,5,6,51,10.2,0,0,0,0.0,0,0.0,7.6,0.0
Marquise Brown,WR,1,3,5,28,9.3,0,1,29,29.0,0,0.0,7.2,0.0
Calvin Austin III,WR,1,6,6,37,6.2,0,0,0,0.0,0,0.0,6.7,0.0
Ja'Marr Chase,WR,1,5,9,39,7.8,0,1,2,2.0,0,0.0,6.6,0.0
Jahan Dotson,WR,1,5,7,40,8.0,0,0,0,0.0,0,0.0,6.5,0.0
Mike Williams,WR,1,4,5,45,11.3,0,0,0,0.0,0,0.0,6.5,0.0
Diontae Johnson,WR,1,3,6,48,16.0,0,0,0,0.0,0,0.0,6.3,0.0
George Pickens,WR,1,5,7,36,7.2,0,0,0,0.0,0,0.0,6.1,0.0
Xavier Gipson,WR,1,0,0,0,0.0,0,0,0,0.0,0,0.0,6.0,0.0
Demario Douglas,WR,1,4,7,40,10.0,0,0,0,0.0,0,0.0,6.0,0.0
Rondale Moore,WR,1,3,3,33,11.0,0,2,12,6.0,0,0.0,6.0,0.0
Marquez Valdes-Scantling,WR,1,2,2,48,24.0,0,0,0,0.0,0,0.0,5.8,0.0
Braxton Berrios,WR,1,3,5,42,14.0,0,0,0,0.0,0,0.0,5.7,0.0
Jayden Reed,WR,1,2,5,48,24.0,0,1,-2,-2.0,0,0.0,5.6,0.0
Allen Lazard,WR,1,2,4,46,23.0,0,0,0,0.0,0,0.0,5.6,0.0
Justin Watson,WR,1,2,4,45,22.5,0,0,0,0.0,0,0.0,5.5,0.0
JuJu Smith-Schuster,WR,1,4,7,33,8.3,0,0,0,0.0,0,0.0,5.3,0.0
Amari Cooper,WR,1,3,7,37,12.3,0,0,0,0.0,0,0.0,5.2,0.0
Rashod Bateman,WR,1,3,3,35,11.7,0,0,0,0.0,0,0.0,5.0,0.0
Tank Dell,WR,1,3,4,34,11.3,0,0,0,0.0,0,0.0,4.9,0.0
Odell Beckham Jr.,WR,1,2,3,37,18.5,0,0,0,0.0,0,0.0,4.7,0.0
Mack Hollins,WR,1,3,4,31,10.3,0,0,0,0.0,0,0.0,4.6,0.0
K.J. Osborn,WR,1,3,6,31,10.3,0,0,0,0.0,0,0.0,4.6,0.0
Josh Downs,WR,1,3,7,30,10.0,0,0,0,0.0,0,0.0,4.5,0.0
Van Jefferson,WR,1,4,5,24,6.0,0,0,0,0.0,0,0.0,4.4,0.0
Gabe Davis,WR,1,2,4,32,16.0,0,0,0,0.0,0,0.0,4.2,0.0
Terry McLaurin,WR,1,2,4,31,15.5,0,0,0,0.0,0,0.0,4.1,0.0
Brandon Johnson,WR,1,2,3,31,15.5,0,0,0,0.0,0,0.0,4.1,0.0
Treylon Burks,WR,1,2,3,18,9.0,0,1,9,9.0,0,0.0,3.7,0.0
DJ Moore,WR,1,2,2,25,12.5,0,0,0,0.0,0,0.0,3.5,0.0
Noah Brown,WR,1,3,4,20,6.7,0,1,-1,-1.0,0,0.0,3.4,0.0
Terrace Marshall Jr.,WR,1,2,6,23,11.5,0,0,0,0.0,0,0.0,3.3,0.0
Brandin Cooks,WR,1,2,4,22,11.0,0,0,0,0.0,0,0.0,3.2,0.0
Laviska Shenault Jr.,WR,1,2,2,16,8.0,0,2,5,2.5,0,0.0,3.1,0.0
Darius Slayton,WR,1,3,5,15,5.0,0,0,0,0.0,0,0.0,3.0,0.0
Michael Wilson,WR,1,2,4,19,9.5,0,0,0,0.0,0,0.0,2.9,0.0
Deonte Harty,WR,1,3,4,9,3.0,0,1,4,4.0,0,0.0,2.8,0.0
Samori Toure,WR,1,2,3,18,9.0,0,0,0,0.0,0,0.0,2.8,0.0
Jaxon Smith-Njigba,WR,1,3,5,13,4.3,0,0,0,0.0,0,0.0,2.8,0.0
Jonathan Mingo,WR,1,2,5,17,8.5,0,0,0,0.0,0,0.0,2.7,0.0
Quez Watkins,WR,1,2,2,17,8.5,0,0,0,0.0,0,0.0,2.7,0.0
Lawrence Cager,WR,1,2,2,17,8.5,0,0,0,0.0,0,0.0,2.7,0.0
Kalif Raymond,WR,1,1,1,20,20.0,0,0,0,0.0,0,0.0,2.5,0.0
Tyler Scott,WR,1,2,2,14,7.0,0,0,0,0.0,0,0.0,2.4,0.0
Adam Thielen,WR,1,2,2,12,6.0,0,0,0,0.0,0,0.0,2.2,0.0
Deven Thompkins,WR,1,2,3,10,5.0,0,0,0,0.0,0,0.0,2.0,0.0
Tyler Boyd,WR,1,2,3,10,5.0,0,0,0,0.0,0,0.0,2.0,0.0
Tyler Lockett,WR,1,2,4,10,5.0,0,0,0,0.0,0,0.0,2.0,0.0
Marvin Mims Jr.,WR,1,2,2,9,4.5,0,0,0,0.0,0,0.0,1.9,0.0
Quentin Johnston,WR,1,2,3,9,4.5,0,0,0,0.0,0,0.0,1.9,0.0
Donovan Peoples-Jones,WR,1,1,2,12,12.0,0,0,0,0.0,0,0.0,1.7,0.0
Erik Ezukanma,WR,1,0,0,0,0.0,0,2,17,8.5,0,0.0,1.7,0.0
Michael Gallup,WR,1,1,2,10,10.0,0,0,0,0.0,0,0.0,1.5,0.0
Christian Kirk,WR,1,1,3,9,9.0,0,0,0,0.0,0,0.0,1.4,0.0
Xavier Hutchinson,WR,1,1,1,9,9.0,0,0,0,0.0,0,0.0,1.4,0.0
Justyn Ross,WR,1,1,1,6,6.0,0,0,0,0.0,0,0.0,1.1,0.0
Richie James Jr.,WR,1,1,2,6,6.0,0,0,0,0.0,0,0.0,1.1,0.0
Derius Davis,WR,1,1,1,5,5.0,0,0,0,0.0,0,0.0,1.0,0.0
DeAndre Carter,WR,1,1,1,5,5.0,0,0,0,0.0,0,0.0,1.0,0.0
Alec Pierce,WR,1,1,3,5,5.0,0,0,0,0.0,0,0.0,1.0,0.0
Joshua Palmer,WR,1,1,1,4,4.0,0,0,0,0.0,0,0.0,0.9,0.0
Isaiah Hodgins,WR,1,1,3,24,24.0,0,0,0,0.0,0,0.0,0.9,0.0
Parris Campbell,WR,1,1,4,2,2.0,0,0,0,0.0,0,0.0,0.7,0.0
Kadarius Toney,WR,1,1,5,1,1.0,0,1,-1,-1.0,0,0.0,0.5,0.0
Skyy Moore,WR,1,0,3,0,0.0,0,1,4,4.0,0,0.0,0.4,0.0
Aaron Jones,RB,1,2,4,86,43.0,1,9,41,4.6,1,0.0,25.7,0.0
Christian McCaffrey,RB,1,3,5,17,5.7,0,22,152,6.9,1,0.0,24.4,0.0
Austin Ekeler,RB,1,4,5,47,11.8,0,16,117,7.3,1,0.0,24.4,0.0
Tyler Allgeier,RB,1,3,3,19,6.3,0,15,75,5.0,2,0.0,22.9,0.0
Tony Pollard,RB,1,2,3,12,6.0,0,14,70,5.0,2,0.0,21.2,0.0
Travis Etienne Jr.,RB,1,5,5,27,5.4,0,18,77,4.3,1,0.0,18.9,0.0
Kyren Williams,RB,1,0,2,2,0.0,0,15,52,3.5,2,0.0,17.4,0.0
Bijan Robinson,RB,1,6,6,27,4.5,1,10,56,5.6,0,0.0,17.3,0.0
Breece Hall,RB,1,1,2,20,20.0,0,10,127,12.7,0,0.0,15.2,0.0
Joshua Kelley,RB,1,0,1,0,0.0,0,16,91,5.7,1,0.0,15.1,0.0
Nick Chubb,RB,1,4,4,21,5.3,0,18,106,5.9,0,0.0,14.7,0.0
Roschon Johnson,RB,1,6,7,35,5.8,0,5,20,4.0,1,0.0,14.5,0.0
David Montgomery,RB,1,0,0,0,0.0,0,21,74,3.5,1,0.0,13.4,0.0
Brian Robinson Jr.,RB,1,1,2,7,7.0,1,19,59,3.1,0,0.0,13.1,0.0
Derrick Henry,RB,1,2,3,56,28.0,0,15,63,4.2,0,0.0,12.9,0.0
Justice Hill,RB,1,0,0,0,0.0,0,8,9,1.1,2,0.0,12.9,0.0
Raheem Mostert,RB,1,2,2,13,6.5,0,10,37,3.7,1,0.0,12.0,0.0
Alexander Mattison,RB,1,3,4,10,3.3,1,11,34,3.1,0,0.0,11.9,0.0
Rhamondre Stevenson,RB,1,6,6,64,10.7,0,12,25,2.1,0,0.0,11.9,0.0
J.K. Dobbins,RB,1,2,3,15,7.5,0,8,22,2.8,1,0.0,10.7,0.0
Khalil Herbert,RB,1,3,5,37,12.3,0,9,27,3.0,0,0.0,9.9,0.0
Miles Sanders,RB,1,4,6,26,6.5,0,18,72,4.0,0,0.0,9.8,0.0
Samaje Perine,RB,1,4,4,37,9.3,0,8,41,5.1,0,0.0,9.8,0.0
James Conner,RB,1,5,5,8,1.6,0,14,62,4.4,0,0.0,9.5,0.0
Kenneth Gainwell,RB,1,4,4,20,5.0,0,14,54,3.9,0,0.0,9.4,0.0
Cam Akers,RB,1,0,0,0,0.0,0,22,29,1.3,1,0.0,8.9,0.0
Joe Mixon,RB,1,3,5,17,5.7,0,13,56,4.3,0,0.0,8.8,0.0
Kenneth Walker III,RB,1,4,5,3,0.8,0,12,64,5.3,0,0.0,8.7,0.0
James Cook,RB,1,4,6,17,4.3,0,12,46,3.8,0,0.0,8.3,0.0
Josh Jacobs,RB,1,2,3,23,11.5,0,19,48,2.5,0,0.0,8.1,0.0
Chuba Hubbard,RB,1,2,2,9,4.5,0,9,60,6.7,0,0.0,7.9,0.0
Saquon Barkley,RB,1,3,4,12,4.0,0,12,51,4.3,0,0.0,7.8,0.0
Javonte Williams,RB,1,4,6,5,1.3,0,13,52,4.0,0,0.0,7.7,0.0
Isiah Pacheco,RB,1,4,4,31,7.8,0,8,23,2.9,0,0.0,7.4,0.0
Dalvin Cook,RB,1,3,3,26,8.7,0,13,33,2.5,0,0.0,7.4,0.0
Jahmyr Gibbs,RB,1,2,2,18,9.0,0,7,42,6.0,0,0.0,7.0,0.0
Jamaal Williams,RB,1,2,2,7,3.5,0,18,45,2.5,0,0.0,6.2,0.0
Rachaad White,RB,1,2,2,10,5.0,0,17,39,2.3,0,0.0,5.9,0.0
Dameon Pierce,RB,1,2,3,9,4.5,0,11,38,3.5,0,0.0,5.7,0.0
Tank Bigsby,RB,1,0,1,0,0.0,0,7,13,1.9,1,0.0,5.3,0.0
Gus Edwards,RB,1,0,0,0,0.0,0,8,32,4.0,0,0.0,5.2,0.0
Ezekiel Elliott,RB,1,5,7,14,2.8,0,7,29,4.1,0,0.0,4.8,0.0
AJ Dillon,RB,1,2,3,17,8.5,0,13,19,1.5,0,0.0,4.6,0.0
Alec Ingold,RB,1,2,2,34,17.0,0,0,0,0.0,0,0.0,4.4,0.0
Najee Harris,RB,1,2,2,2,1.0,0,6,31,5.2,0,0.0,4.3,0.0
Jaylen Warren,RB,1,5,6,12,2.4,0,3,6,2.0,0,0.0,4.3,0.0
D'Onta Foreman,RB,1,2,3,8,4.0,0,5,16,3.2,0,0.0,3.4,0.0
Clyde Edwards-Helaire,RB,1,1,1,7,7.0,0,6,22,3.7,0,0.0,3.4,0.0
Sean Tucker,RB,1,2,2,9,4.5,0,5,15,3.0,0,0.0,3.4,0.0
Tyjae Spears,RB,1,1,4,1,1.0,0,3,27,9.0,0,0.0,3.3,0.0
Mike Boone,RB,1,3,4,18,6.0,0,0,0,0.0,0,0.0,3.3,0.0
Damien Harris,RB,1,2,2,16,8.0,0,1,3,3.0,0,0.0,2.9,0.0
Michael Carter,RB,1,2,2,12,6.0,0,1,6,6.0,0,0.0,2.8,0.0
Jake Funk,RB,1,1,1,12,12.0,0,2,10,5.0,0,0.0,2.7,0.0
Ty Montgomery II,RB,1,2,3,9,4.5,0,1,7,7.0,0,0.0,2.6,0.0
Rico Dowdle,RB,1,0,0,0,0.0,0,6,24,4.0,0,0.0,2.4,0.0
Ty Chandler,RB,1,1,1,18,18.0,0,3,0,0.0,0,0.0,2.3,0.0
DeeJay Dallas,RB,1,1,1,14,14.0,0,2,4,2.0,0,0.0,2.3,0.0
Patrick Taylor Jr.,RB,1,0,0,0,0.0,0,5,22,4.4,0,0.0,2.2,0.0
Latavius Murray,RB,1,1,2,9,9.0,0,2,8,4.0,0,0.0,2.2,0.0
Gary Brightwell,RB,1,2,2,6,3.0,0,1,5,5.0,0,0.0,2.1,0.0
Anthony McFarland Jr.,RB,1,2,2,11,5.5,0,0,0,0.0,0,0.0,2.1,0.0
C.J. Ham,RB,1,2,3,7,3.5,0,0,0,0.0,0,0.0,1.7,0.0
Jerome Ford,RB,1,0,0,0,0.0,0,15,36,2.4,0,0.0,1.6,0.0
Chris Evans,RB,1,1,1,-1,-1.0,0,2,12,6.0,0,0.0,1.6,0.0
Jerick McKinnon,RB,1,1,2,10,10.0,0,0,0,0.0,0,0.0,1.5,0.0
Boston Scott,RB,1,1,1,7,7.0,0,1,3,3.0,0,0.0,1.5,0.0
Devin Singletary,RB,1,0,0,0,0.0,0,7,15,2.1,0,0.0,1.5,0.0
Deon Jackson,RB,1,5,6,14,2.8,0,13,14,1.1,0,0.0,1.3,0.0
Zamir White,RB,1,1,1,5,5.0,0,1,2,2.0,0,0.0,1.2,0.0
Evan Hull,RB,1,1,1,6,6.0,0,1,1,1.0,0,0.0,1.2,0.0
Matt Breida,RB,1,1,1,-3,-3.0,0,2,9,4.5,0,0.0,1.1,0.0
Salvon Ahmed,RB,1,0,3,0,0.0,0,3,11,3.7,0,0.0,1.1,0.0
Zach Charbonnet,RB,1,0,0,0,0.0,0,3,11,3.7,0,0.0,1.1,0.0
Elijah Mitchell,RB,1,0,1,0,0.0,0,5,10,2.0,0,0.0,1.0,0.0
Chase Edmonds,RB,1,0,0,0,0.0,0,2,8,4.0,0,0.0,0.8,0.0
Deuce Vaughn,RB,1,0,0,0,0.0,0,6,8,1.3,0,0.0,0.8,0.0
Michael Burton,RB,1,1,1,3,3.0,0,0,0,0.0,0,0.0,0.8,0.0
D'Andre Swift,RB,1,1,2,0,0.0,0,1,3,3.0,0,0.0,0.8,0.0
Trayveon Williams,RB,1,0,0,0,0.0,0,2,7,3.5,0,0.0,0.7,0.0
Chris Rodriguez Jr.,RB,1,0,0,0,0.0,0,3,7,2.3,0,0.0,0.7,0.0
Tony Jones Jr.,RB,1,0,0,0,0.0,0,1,5,5.0,0,0.0,0.5,0.0
Antonio Gibson,RB,1,1,1,10,10.0,0,3,9,3.0,0,0.0,0.4,0.0
Hunter Henry,TE,1,5,6,56,11.2,1,0,0,0.0,0,0.0,14.1,0.0
Hayden Hurst,TE,1,5,7,41,8.2,1,0,0,0.0,0,0.0,12.6,0.0
Donald Parham Jr.,TE,1,3,3,22,7.3,1,0,0,0.0,0,0.0,9.7,0.0
Blake Bell,TE,1,2,3,12,6.0,1,0,0,0.0,0,0.0,8.2,0.0
Harrison Bryant,TE,1,2,2,5,2.5,1,0,0,0.0,0,0.0,7.5,0.0
T.J. Hockenson,TE,1,8,9,35,4.4,0,0,0,0.0,0,0.0,7.5,0.0
Evan Engram,TE,1,5,5,49,9.8,0,0,0,0.0,0,0.0,7.4,0.0
Cole Kmet,TE,1,5,7,44,8.8,0,1,0,0.0,0,0.0,6.9,0.0
Pat Freiermuth,TE,1,1,4,3,3.0,1,0,0,0.0,0,0.0,6.8,0.0
Luke Musgrave,TE,1,3,4,50,16.7,0,0,0,0.0,0,0.0,6.5,0.0
Tyler Higbee,TE,1,3,3,49,16.3,0,0,0,0.0,0,0.0,6.4,0.0
Sam LaPorta,TE,1,5,5,39,7.8,0,0,0,0.0,0,0.0,6.4,0.0
Logan Thomas,TE,1,4,8,43,10.8,0,0,0,0.0,0,0.0,6.3,0.0
Kylen Granson,TE,1,4,6,39,9.8,0,0,0,0.0,0,0.0,5.9,0.0
Adam Trautman,TE,1,5,5,34,6.8,0,0,0,0.0,0,0.0,5.9,0.0
Durham Smythe,TE,1,3,7,44,14.7,0,0,0,0.0,0,0.0,5.9,0.0
Kyle Pitts,TE,1,2,3,44,22.0,0,0,0,0.0,0,0.0,5.4,0.0
Juwan Johnson,TE,1,3,5,36,12.0,0,0,0,0.0,0,0.0,5.1,0.0
Darren Waller,TE,1,3,5,36,12.0,0,0,0,0.0,0,0.0,5.1,0.0
Mike Gesicki,TE,1,3,3,36,12.0,0,0,0,0.0,0,0.0,5.1,0.0
Zach Ertz,TE,1,6,10,21,3.5,0,0,0,0.0,0,0.0,5.1,0.0
Josh Oliver,TE,1,3,3,32,10.7,0,0,0,0.0,0,0.0,4.7,0.0
Dalton Kincaid,TE,1,4,4,26,6.5,0,0,0,0.0,0,0.0,4.6,0.0
Noah Gray,TE,1,3,5,31,10.3,0,0,0,0.0,0,0.0,4.6,0.0
Dawson Knox,TE,1,3,4,25,8.3,0,0,0,0.0,0,0.0,4.0,0.0
David Njoku,TE,1,2,3,24,12.0,0,0,0,0.0,0,0.0,3.4,0.0
George Kittle,TE,1,3,6,19,6.3,0,0,0,0.0,0,0.0,3.4,0.0
Trey McBride,TE,1,2,2,23,11.5,0,0,0,0.0,0,0.0,3.3,0.0
Gerald Everett,TE,1,2,3,21,10.5,0,1,2,2.0,0,0.0,3.3,0.0
Irv Smith Jr.,TE,1,3,5,17,5.7,0,0,0,0.0,0,0.0,3.2,0.0
Greg Dulcich,TE,1,2,2,22,11.0,0,0,0,0.0,0,0.0,3.2,0.0
Cade Otton,TE,1,2,3,19,9.5,0,0,0,0.0,0,0.0,2.9,0.0
Connor Heyward,TE,1,2,4,19,9.5,0,0,0,0.0,0,0.0,2.9,0.0
Will Dissly,TE,1,2,2,17,8.5,0,0,0,0.0,0,0.0,2.7,0.0
Brock Wright,TE,1,2,2,17,8.5,0,0,0,0.0,0,0.0,2.7,0.0
Brycen Hopkins,TE,1,1,2,21,21.0,0,0,0,0.0,0,0.0,2.6,0.0
Austin Hooper,TE,1,1,1,20,20.0,0,0,0,0.0,0,0.0,2.5,0.0
Andrew Ogletree,TE,1,1,2,20,20.0,0,0,0,0.0,0,0.0,2.5,0.0
Cole Turner,TE,1,1,2,17,17.0,0,0,0,0.0,0,0.0,2.2,0.0
Jake Ferguson,TE,1,2,7,11,5.5,0,0,0,0.0,0,0.0,2.1,0.0
Jordan Akins,TE,1,1,1,12,12.0,0,0,0,0.0,0,0.0,1.7,0.0
Teagan Quitoriano,TE,1,1,1,11,11.0,0,0,0,0.0,0,0.0,1.6,0.0
Dalton Schultz,TE,1,2,4,4,2.0,0,0,0,0.0,0,0.0,1.4,0.0
Colby Parkinson,TE,1,1,2,8,8.0,0,0,0,0.0,0,0.0,1.3,0.0
Isaiah Likely,TE,1,1,1,4,4.0,0,0,0,0.0,0,0.0,0.9,0.0
Giovanni Ricci,TE,1,1,1,2,2.0,0,0,0,0.0,0,0.0,0.7,0.0
Tyler Conklin,TE,1,1,1,2,2.0,0,0,0,0.0,0,0.0,0.7,0.0
Daniel Bellinger,TE,1,1,1,1,1.0,0,0,0,0.0,0,0.0,0.6,0.0
Taysom Hill,TE,1,0,1,0,0.0,0,3,4,1.3,0,0.0,0.4,0.0
Keenan Allen,WR,2,8,10,111,13.9,2,0,0,0.0,0,0.0,27.1,0.0
Mike Evans,WR,2,6,8,171,28.5,1,0,0,0.0,0,0.0,26.1,0.0
Tee Higgins,WR,2,8,12,89,11.1,2,0,0,0.0,0,0.0,24.9,0.0
Nico Collins,WR,2,7,9,146,20.9,1,0,0,0.0,0,0.0,24.1,0.0
Puka Nacua,WR,2,15,20,147,9.8,0,2,4,2.0,0,0.0,22.6,0.0
Tyler Lockett,WR,2,8,10,59,7.4,2,0,0,0.0,0,0.0,21.9,0.0
Josh Reynolds,WR,2,5,6,66,13.2,2,0,0,0.0,0,0.0,21.1,0.0
DeVonta Smith,WR,2,4,5,131,32.8,1,0,0,0.0,0,0.0,21.1,0.0
George Pickens,WR,2,4,10,127,31.8,1,0,0,0.0,0,0.0,20.7,0.0
CeeDee Lamb,WR,2,11,13,143,13.0,0,0,0,0.0,0,0.0,19.8,0.0
Brandon Johnson,WR,2,2,3,66,33.0,2,0,0,0.0,0,0.0,19.6,0.0
Justin Jefferson,WR,2,11,13,159,14.5,0,0,0,0.0,0,0.0,19.4,0.0
Marvin Mims Jr.,WR,2,2,2,113,56.5,1,2,10,5.0,0,0.0,19.3,0.0
Deebo Samuel,WR,2,6,9,63,10.5,0,5,38,7.6,1,0.0,19.1,0.0
Gabe Davis,WR,2,6,7,92,15.3,1,0,0,0.0,0,0.0,18.2,0.0
Jayden Reed,WR,2,4,8,37,9.3,2,0,0,0.0,0,0.0,17.7,0.0
Davante Adams,WR,2,6,8,84,14.0,1,0,0,0.0,0,0.0,17.4,0.0
Adam Thielen,WR,2,7,9,54,7.7,1,0,0,0.0,0,0.0,16.9,0.0
Tank Dell,WR,2,7,10,72,10.3,1,0,0,0.0,0,0.0,16.7,0.0
Christian Kirk,WR,2,11,14,110,10.0,0,0,0,0.0,0,0.0,16.5,0.0
Drake London,WR,2,6,8,67,11.2,1,0,0,0.0,0,0.0,15.7,0.0
Garrett Wilson,WR,2,2,8,83,41.5,1,0,0,0.0,0,0.0,15.3,0.0
Nelson Agholor,WR,2,5,6,63,12.6,1,0,0,0.0,0,0.0,14.8,0.0
Jordan Addison,WR,2,3,5,72,24.0,1,0,0,0.0,0,0.0,14.7,0.0
Skyy Moore,WR,2,3,4,70,23.3,1,0,0,0.0,0,0.0,14.5,0.0
Marquise Brown,WR,2,6,10,54,9.0,1,0,0,0.0,0,0.0,14.4,0.0
Terry McLaurin,WR,2,5,6,54,10.8,1,0,0,0.0,0,0.0,13.9,0.0
DJ Moore,WR,2,6,7,104,17.3,0,0,0,0.0,0,0.0,13.4,0.0
Kalif Raymond,WR,2,2,3,46,23.0,1,1,11,11.0,0,0.0,12.7,0.0
Mike Williams,WR,2,8,13,83,10.4,0,1,3,3.0,0,0.0,12.6,0.0
Tyreek Hill,WR,2,5,9,40,8.0,1,0,0,0.0,0,0.0,12.5,0.0
Amari Cooper,WR,2,7,10,90,12.9,0,0,0,0.0,0,0.0,12.5,0.0
Isaiah Hodgins,WR,2,4,5,40,10.0,1,0,0,0.0,0,0.0,12.0,0.0
Tutu Atwell,WR,2,7,9,77,11.0,0,1,5,5.0,0,0.0,11.7,0.0
Chris Olave,WR,2,6,11,86,14.3,0,0,0,0.0,0,0.0,11.6,0.0
Amon-Ra St. Brown,WR,2,6,7,102,17.0,0,0,0,0.0,0,0.0,11.2,0.0
Chase Claypool,WR,2,3,8,36,12.0,1,0,0,0.0,0,0.0,11.1,0.0
Dontayvion Wicks,WR,2,2,4,40,20.0,1,0,0,0.0,0,0.0,11.0,0.0
K.J. Osborn,WR,2,3,6,34,11.3,1,0,0,0.0,0,0.0,10.9,0.0
DK Metcalf,WR,2,6,6,75,12.5,0,0,0,0.0,0,0.0,10.5,0.0
Jaylen Waddle,WR,2,4,6,86,21.5,0,1,-2,-2.0,0,0.0,10.4,0.0
Robert Woods,WR,2,6,9,74,12.3,0,0,0,0.0,0,0.0,10.4,0.0
Stefon Diggs,WR,2,7,7,66,9.4,0,0,0,0.0,0,0.0,10.1,0.0
Nick Westbrook-Ikhine,WR,2,3,3,25,8.3,1,0,0,0.0,0,0.0,10.0,0.0
Jalin Hyatt,WR,2,2,2,89,44.5,0,0,0,0.0,0,0.0,9.9,0.0
Michael Pittman Jr.,WR,2,8,12,56,7.0,0,0,0,0.0,0,0.0,9.6,0.0
Treylon Burks,WR,2,3,4,76,25.3,0,0,0,0.0,0,0.0,9.1,0.0
Courtland Sutton,WR,2,5,7,66,13.2,0,0,0,0.0,0,0.0,9.1,0.0
Michael Thomas,WR,2,7,9,55,7.9,0,0,0,0.0,0,0.0,9.0,0.0
Zay Flowers,WR,2,4,5,62,15.5,0,1,6,6.0,0,0.0,8.8,0.0
DeVante Parker,WR,2,6,8,57,9.5,0,0,0,0.0,0,0.0,8.7,0.0
Chris Godwin,WR,2,5,8,58,11.6,0,0,0,0.0,0,0.0,8.3,0.0
Rashid Shaheed,WR,2,4,4,63,15.8,0,0,0,0.0,0,0.0,8.3,0.0
Tyler Boyd,WR,2,6,8,52,8.7,0,0,0,0.0,0,0.0,8.2,0.0
Darius Slayton,WR,2,3,6,62,20.7,0,0,0,0.0,0,0.0,7.7,0.0
Khalil Shakir,WR,2,1,1,11,11.0,1,0,0,0.0,0,0.0,7.6,0.0
Mack Hollins,WR,2,3,6,60,20.0,0,0,0,0.0,0,0.0,7.5,0.0
Michael Wilson,WR,2,3,3,56,18.7,0,0,0,0.0,0,0.0,7.1,0.0
Kadarius Toney,WR,2,5,5,35,7.0,0,1,3,3.0,0,0.0,6.3,0.0
Jauan Jennings,WR,2,2,3,51,25.5,0,0,0,0.0,0,0.0,6.1,0.0
DeAndre Hopkins,WR,2,4,5,40,10.0,0,0,0,0.0,0,0.0,6.0,0.0
Charlie Jones,WR,2,0,0,0,0.0,0,0,0,0.0,0,0.0,6.0,0.0
Jaxon Smith-Njigba,WR,2,5,6,34,6.8,0,0,0,0.0,0,0.0,5.9,0.0
Brandon Aiyuk,WR,2,3,6,43,14.3,0,0,0,0.0,0,0.0,5.8,0.0
Justin Watson,WR,2,3,5,62,20.7,0,0,0,0.0,0,0.0,5.7,0.0
Josh Downs,WR,2,4,5,37,9.3,0,0,0,0.0,0,0.0,5.7,0.0
Elijah Moore,WR,2,3,9,36,12.0,0,1,5,5.0,0,0.0,5.6,0.0
Ja'Marr Chase,WR,2,5,8,31,6.2,0,0,0,0.0,0,0.0,5.6,0.0
Chris Moore,WR,2,1,1,49,49.0,0,0,0,0.0,0,0.0,5.4,0.0
JuJu Smith-Schuster,WR,2,5,6,28,5.6,0,0,0,0.0,0,0.0,5.3,0.0
A.J. Brown,WR,2,4,6,29,7.3,0,0,0,0.0,0,0.0,4.9,0.0
Kendrick Bourne,WR,2,4,9,29,7.3,0,0,0,0.0,0,0.0,4.9,0.0
Curtis Samuel,WR,2,3,3,19,6.3,0,1,13,13.0,0,0.0,4.7,0.0
River Cracraft,WR,2,2,2,34,17.0,0,0,0,0.0,0,0.0,4.4,0.0
Odell Beckham Jr.,WR,2,3,4,29,9.7,0,0,0,0.0,0,0.0,4.4,0.0
David Bell,WR,2,3,3,27,9.0,0,0,0,0.0,0,0.0,4.2,0.0
Calvin Ridley,WR,2,2,8,32,16.0,0,0,0,0.0,0,0.0,4.2,0.0
Parris Campbell,WR,2,4,6,21,5.3,0,0,0,0.0,0,0.0,4.1,0.0
Jonathan Mingo,WR,2,3,8,26,8.7,0,0,0,0.0,0,0.0,4.1,0.0
Dyami Brown,WR,2,3,3,25,8.3,0,0,0,0.0,0,0.0,4.0,0.0
Jerry Jeudy,WR,2,3,5,25,8.3,0,0,0,0.0,0,0.0,4.0,0.0
Romeo Doubs,WR,2,2,3,30,15.0,0,0,0,0.0,0,0.0,4.0,0.0
Braxton Berrios,WR,2,2,3,28,14.0,0,0,0,0.0,0,0.0,3.8,0.0
Alec Pierce,WR,2,2,2,28,14.0,0,0,0,0.0,0,0.0,3.8,0.0
Jahan Dotson,WR,2,3,5,22,7.3,0,0,0,0.0,0,0.0,3.7,0.0
Tre Tucker,WR,2,0,1,0,0.0,0,1,34,34.0,0,0.0,3.4,0.0
Allen Lazard,WR,2,2,4,23,11.5,0,0,0,0.0,0,0.0,3.3,0.0
Jalen Tolbert,WR,2,3,4,18,6.0,0,0,0,0.0,0,0.0,3.3,0.0
Rashod Bateman,WR,2,3,3,18,6.0,0,0,0,0.0,0,0.0,3.3,0.0
Rashee Rice,WR,2,2,2,20,10.0,0,0,0,0.0,0,0.0,3.0,0.0
Joshua Palmer,WR,2,3,5,13,4.3,0,0,0,0.0,0,0.0,2.8,0.0
Hunter Renfrow,WR,2,1,1,23,23.0,0,0,0,0.0,0,0.0,2.8,0.0
Ben Skowronek,WR,2,1,1,10,10.0,0,1,11,11.0,0,0.0,2.6,0.0
Trey Palmer,WR,2,1,2,20,20.0,0,0,0,0.0,0,0.0,2.5,0.0
Marquez Valdes-Scantling,WR,2,2,3,13,6.5,0,0,0,0.0,0,0.0,2.3,0.0
John Metchie III,WR,2,1,1,17,17.0,0,0,0,0.0,0,0.0,2.2,0.0
Allen Robinson II,WR,2,2,3,12,6.0,0,0,0,0.0,0,0.0,2.2,0.0
DJ Chark Jr.,WR,2,1,1,15,15.0,0,0,0,0.0,0,0.0,2.0,0.0
KaVontae Turpin,WR,2,1,1,9,9.0,0,2,6,3.0,0,0.0,2.0,0.0
Rondale Moore,WR,2,1,1,14,14.0,0,0,0,0.0,0,0.0,1.9,0.0
Devin Duvernay,WR,2,0,3,0,0.0,0,3,15,5.0,0,0.0,1.5,0.0
Van Jefferson,WR,2,1,4,9,9.0,0,0,0,0.0,0,0.0,1.4,0.0
Deonte Harty,WR,2,2,3,4,2.0,0,0,0,0.0,0,0.0,1.4,0.0
Zach Pascal,WR,2,1,1,9,9.0,0,0,0,0.0,0,0.0,1.4,0.0
Calvin Austin III,WR,2,1,4,10,10.0,0,1,-2,-2.0,0,0.0,1.3,0.0
Rakim Jarrett,WR,2,1,1,7,7.0,0,0,0,0.0,0,0.0,1.2,0.0
Isaiah McKenzie,WR,2,1,1,7,7.0,0,0,0,0.0,0,0.0,1.2,0.0
Quentin Johnston,WR,2,1,2,7,7.0,0,0,0,0.0,0,0.0,1.2,0.0
Donovan Peoples-Jones,WR,2,1,4,7,7.0,0,0,0,0.0,0,0.0,1.2,0.0
Samori Toure,WR,2,1,2,6,6.0,0,0,0,0.0,0,0.0,1.1,0.0
Mecole Hardman Jr.,WR,2,1,1,6,6.0,0,0,0,0.0,0,0.0,1.1,0.0
Deven Thompkins,WR,2,0,0,0,0.0,0,1,11,11.0,0,0.0,1.1,0.0
Derius Davis,WR,2,0,0,0,0.0,0,1,10,10.0,0,0.0,1.0,0.0
Jamal Agnew,WR,2,1,1,5,5.0,0,0,0,0.0,0,0.0,1.0,0.0
Miles Boykin,WR,2,1,1,5,5.0,0,0,0,0.0,0,0.0,1.0,0.0
Lil'Jordan Humphrey,WR,2,1,2,4,4.0,0,0,0,0.0,0,0.0,0.9,0.0
Demario Douglas,WR,2,2,2,19,9.5,0,0,0,0.0,0,0.0,0.9,0.0
Byron Pringle,WR,2,1,1,4,4.0,0,0,0,0.0,0,0.0,0.9,0.0
Sterling Shepard,WR,2,1,1,4,4.0,0,0,0,0.0,0,0.0,0.9,0.0
Michael Gallup,WR,2,1,2,3,3.0,0,0,0,0.0,0,0.0,0.8,0.0
Jake Bobo,WR,2,1,1,3,3.0,0,0,0,0.0,0,0.0,0.8,0.0
Laviska Shenault Jr.,WR,2,0,0,0,0.0,0,1,7,7.0,0,0.0,0.7,0.0
Antoine Green,WR,2,1,1,2,2.0,0,0,0,0.0,0,0.0,0.7,0.0
Erik Ezukanma,WR,2,0,1,0,0.0,0,3,5,1.7,0,0.0,0.5,0.0
Brian Robinson Jr.,RB,2,2,3,42,21.0,0,18,87,4.8,2,0.0,27.9,0.0
D'Andre Swift,RB,2,3,3,6,2.0,0,28,175,6.3,1,0.0,25.6,0.0
Raheem Mostert,RB,2,1,1,6,6.0,0,18,121,6.7,2,0.0,25.2,0.0
Kyren Williams,RB,2,6,10,48,8.0,1,14,52,3.7,1,0.0,25.0,0.0
Saquon Barkley,RB,2,6,7,29,4.8,1,17,63,3.7,1,0.0,24.2,0.0
Jerome Ford,RB,2,3,4,25,8.3,1,16,106,6.6,0,0.0,22.6,0.0
Christian McCaffrey,RB,2,3,3,19,6.3,0,20,116,5.8,1,0.0,21.0,0.0
Bijan Robinson,RB,2,4,5,48,12.0,0,19,124,6.5,0,0.0,19.2,0.0
Rachaad White,RB,2,5,5,30,6.0,0,17,73,4.3,1,0.0,18.8,0.0
Zack Moss,RB,2,4,4,19,4.8,0,18,88,4.9,1,0.0,18.7,0.0
Kenneth Walker III,RB,2,1,2,11,11.0,0,17,43,2.5,2,0.0,17.9,0.0
James Cook,RB,2,4,4,36,9.0,0,17,123,7.2,0,0.0,17.9,0.0
Derrick Henry,RB,2,3,4,15,5.0,0,25,80,3.2,1,0.0,17.0,0.0
James Conner,RB,2,0,1,0,0.0,0,23,106,4.6,1,0.0,16.6,0.0
Tony Pollard,RB,2,7,8,37,5.3,0,25,72,2.9,0,0.0,16.4,0.0
Tony Jones Jr.,RB,2,0,2,0,0.0,0,12,34,2.8,2,0.0,15.4,0.0
Rhamondre Stevenson,RB,2,3,3,10,3.3,0,15,50,3.3,1,0.0,13.5,0.0
Gus Edwards,RB,2,0,0,0,0.0,0,10,62,6.2,1,0.0,12.2,0.0
David Montgomery,RB,2,1,1,7,7.0,0,16,67,4.2,1,0.0,11.9,0.0
Joe Mixon,RB,2,4,5,36,9.0,0,13,59,4.5,0,0.0,11.5,0.0
Jaylen Warren,RB,2,4,6,66,16.5,0,6,20,3.3,0,0.0,10.6,0.0
Latavius Murray,RB,2,2,2,9,4.5,0,6,22,3.7,1,0.0,10.1,0.0
Damien Harris,RB,2,0,0,0,0.0,0,7,33,4.7,1,0.0,9.3,0.0
Jahmyr Gibbs,RB,2,7,9,39,5.6,0,7,17,2.4,0,0.0,9.1,0.0
Chuba Hubbard,RB,2,5,5,34,6.8,0,2,16,8.0,0,0.0,7.5,0.0
Isiah Pacheco,RB,2,1,2,0,0.0,0,12,70,5.8,0,0.0,7.5,0.0
Josh Jacobs,RB,2,5,6,51,10.2,0,9,-2,-0.2,0,0.0,7.4,0.0
AJ Dillon,RB,2,1,1,8,8.0,0,15,55,3.7,0,0.0,6.8,0.0
Justice Hill,RB,2,3,3,12,4.0,0,11,41,3.7,0,0.0,6.8,0.0
Javonte Williams,RB,2,2,3,14,7.0,0,12,44,3.7,0,0.0,6.8,0.0
Antonio Gibson,RB,2,3,3,44,14.7,0,2,9,4.5,0,0.0,6.8,0.0
Tyjae Spears,RB,2,2,2,6,3.0,0,8,49,6.1,0,0.0,6.5,0.0
Jaleel McLaughlin,RB,2,0,0,0,0.0,0,1,5,5.0,1,0.0,6.5,0.0
Nick Chubb,RB,2,0,0,0,0.0,0,10,64,6.4,0,0.0,6.4,0.0
Khalil Herbert,RB,2,1,3,23,23.0,0,7,35,5.0,0,0.0,6.3,0.0
Miles Sanders,RB,2,3,5,4,1.3,0,14,43,3.1,0,0.0,6.2,0.0
Pierre Strong Jr.,RB,2,0,1,0,0.0,0,2,1,0.5,1,0.0,6.1,0.0
Salvon Ahmed,RB,2,3,3,28,9.3,0,3,13,4.3,0,0.0,5.6,0.0
Roschon Johnson,RB,2,2,2,10,5.0,0,4,32,8.0,0,0.0,5.2,0.0
Travis Etienne Jr.,RB,2,2,3,2,1.0,0,12,40,3.3,0,0.0,5.2,0.0
Tyler Allgeier,RB,2,0,0,0,0.0,0,16,48,3.0,0,0.0,4.8,0.0
Rico Dowdle,RB,2,1,1,17,17.0,0,7,26,3.7,0,0.0,4.8,0.0
Najee Harris,RB,2,1,3,0,0.0,0,10,43,4.3,0,0.0,4.8,0.0
Deuce Vaughn,RB,2,3,3,16,5.3,0,3,16,5.3,0,0.0,4.7,0.0
Dameon Pierce,RB,2,2,3,4,2.0,0,15,31,2.1,0,0.0,4.5,0.0
Boston Scott,RB,2,0,0,0,0.0,0,5,40,8.0,0,0.0,4.0,0.0
Zach Charbonnet,RB,2,2,2,14,7.0,0,4,16,4.0,0,0.0,4.0,0.0
Samaje Perine,RB,2,3,4,20,6.7,0,1,4,4.0,0,0.0,3.9,0.0
Joshua Kelley,RB,2,0,1,0,0.0,0,13,39,3.0,0,0.0,3.9,0.0
Jerick McKinnon,RB,2,3,3,24,8.0,0,1,-2,-2.0,0,0.0,3.7,0.0
Alexander Mattison,RB,2,3,6,11,3.7,0,8,28,3.5,0,0.0,3.4,0.0
Elijah Dotson,RB,2,2,2,13,6.5,0,4,6,1.5,0,0.0,2.9,0.0
Jamaal Williams,RB,2,0,0,0,0.0,0,9,29,3.2,0,0.0,2.9,0.0
Devin Singletary,RB,2,1,1,10,10.0,0,4,14,3.5,0,0.0,2.9,0.0
Clyde Edwards-Helaire,RB,2,2,2,17,8.5,0,1,0,0.0,0,0.0,2.7,0.0
D'Ernest Johnson,RB,2,1,1,9,9.0,0,1,8,8.0,0,0.0,2.2,0.0
Ty Chandler,RB,2,2,2,9,4.5,0,1,0,0.0,0,0.0,1.9,0.0
Rashaad Penny,RB,2,1,1,5,5.0,0,3,9,3.0,0,0.0,1.9,0.0
Michael Carter,RB,2,1,2,3,3.0,0,2,8,4.0,0,0.0,1.6,0.0
Emari Demercado,RB,2,2,2,7,3.5,0,1,-2,-2.0,0,0.0,1.5,0.0
De'Von Achane,RB,2,1,1,4,4.0,0,1,5,5.0,0,0.0,1.4,0.0
Trayveon Williams,RB,2,2,2,4,2.0,0,0,0,0.0,0,0.0,1.4,0.0
Ezekiel Elliott,RB,2,0,0,0,0.0,0,5,13,2.6,0,0.0,1.3,0.0
Chase Edmonds,RB,2,0,0,0,0.0,0,2,12,6.0,0,0.0,1.2,0.0
Ameer Abdullah,RB,2,1,3,5,5.0,0,0,0,0.0,0,0.0,1.0,0.0
Craig Reynolds,RB,2,1,1,-2,-2.0,0,3,7,2.3,0,0.0,1.0,0.0
Ronnie Rivers,RB,2,1,1,4,4.0,0,0,0,0.0,0,0.0,0.9,0.0
Breece Hall,RB,2,0,2,0,0.0,0,4,9,2.3,0,0.0,0.9,0.0
Reggie Gilliam,RB,2,1,1,3,3.0,0,0,0,0.0,0,0.0,0.8,0.0
Sean Tucker,RB,2,0,0,0,0.0,0,8,7,0.9,0,0.0,0.7,0.0
Keaontay Ingram,RB,2,0,0,0,0.0,0,2,6,3.0,0,0.0,0.6,0.0
Emanuel Wilson,RB,2,0,0,0,0.0,0,3,5,1.7,0,0.0,0.5,0.0
Matt Breida,RB,2,0,0,0,0.0,0,1,5,5.0,0,0.0,0.5,0.0
Dare Ogunbowale,RB,2,0,0,0,0.0,0,2,4,2.0,0,0.0,0.4,0.0
Isaiah Spiller,RB,2,0,0,0,0.0,0,1,3,3.0,0,0.0,0.3,0.0
DeeJay Dallas,RB,2,0,0,0,0.0,0,1,3,3.0,0,0.0,0.3,0.0
Michael Burton,RB,2,0,0,0,0.0,0,1,3,3.0,0,0.0,0.3,0.0
Zamir White,RB,2,0,0,0,0.0,0,4,22,5.5,0,0.0,0.2,0.0
Chase Brown,RB,2,0,0,0,0.0,0,1,2,2.0,0,0.0,0.2,0.0
Patrick Taylor Jr.,RB,2,0,1,0,0.0,0,1,1,1.0,0,0.0,0.1,0.0
T.J. Hockenson,TE,2,7,8,66,9.4,2,0,0,0.0,0,0.0,22.1,0.0
Hunter Henry,TE,2,6,7,52,8.7,1,0,0,0.0,0,0.0,14.2,0.0
Mark Andrews,TE,2,5,8,45,9.0,1,0,0,0.0,0,0.0,13.0,0.0
Darren Waller,TE,2,6,8,76,12.7,0,0,0,0.0,0,0.0,10.6,0.0
Travis Kelce,TE,2,4,9,26,6.5,1,0,0,0.0,0,0.0,10.6,0.0
Logan Thomas,TE,2,2,3,22,11.0,1,0,0,0.0,0,0.0,9.2,0.0
Kylen Granson,TE,2,3,4,16,5.3,1,0,0,0.0,0,0.0,9.1,0.0
Sam LaPorta,TE,2,5,6,63,12.6,0,0,0,0.0,0,0.0,8.8,0.0
Evan Engram,TE,2,6,8,57,9.5,0,0,0,0.0,0,0.0,8.7,0.0
Zach Ertz,TE,2,6,8,56,9.3,0,0,0,0.0,0,0.0,8.6,0.0
Jake Ferguson,TE,2,3,4,11,3.7,1,0,0,0.0,0,0.0,8.6,0.0
Dawson Knox,TE,2,3,5,10,3.3,1,0,0,0.0,0,0.0,8.5,0.0
Taysom Hill,TE,2,1,2,-1,-1.0,0,9,75,8.3,0,0.0,8.2,0.0
Noah Fant,TE,2,4,4,56,14.0,0,0,0,0.0,0,0.0,7.6,0.0
Tyler Conklin,TE,2,5,6,50,10.0,0,0,0,0.0,0,0.0,7.5,0.0
Cade Otton,TE,2,6,6,41,6.8,0,0,0,0.0,0,0.0,7.1,0.0
Dalton Kincaid,TE,2,5,6,43,8.6,0,0,0,0.0,0,0.0,6.8,0.0
Jonnu Smith,TE,2,4,6,47,11.8,0,0,0,0.0,0,0.0,6.7,0.0
Luke Schoonmaker,TE,2,1,1,1,1.0,1,0,0,0.0,0,0.0,6.6,0.0
Gerald Everett,TE,2,3,3,47,15.7,0,0,0,0.0,0,0.0,6.2,0.0
John Bates,TE,2,3,5,46,15.3,0,0,0,0.0,0,0.0,6.1,0.0
Will Mallory,TE,2,2,2,49,24.5,0,0,0,0.0,0,0.0,5.9,0.0
Cole Kmet,TE,2,4,6,38,9.5,0,0,0,0.0,0,0.0,5.8,0.0
Mike Gesicki,TE,2,5,6,33,6.6,0,0,0,0.0,0,0.0,5.8,0.0
Chigoziem Okonkwo,TE,2,4,4,35,8.8,0,0,0,0.0,0,0.0,5.5,0.0
Dalton Schultz,TE,2,4,7,34,8.5,0,0,0,0.0,0,0.0,5.4,0.0
Noah Gray,TE,2,3,3,38,12.7,0,0,0,0.0,0,0.0,5.3,0.0
Dallas Goedert,TE,2,6,7,22,3.7,0,0,0,0.0,0,0.0,5.2,0.0
Colby Parkinson,TE,2,2,3,41,20.5,0,0,0,0.0,0,0.0,5.1,0.0
Will Dissly,TE,2,3,3,35,11.7,0,0,0,0.0,0,0.0,5.0,0.0
David Njoku,TE,2,4,4,48,12.0,0,0,0,0.0,0,0.0,4.8,0.0
George Kittle,TE,2,3,3,30,10.0,0,0,0,0.0,0,0.0,4.5,0.0
Trey McBride,TE,2,2,3,32,16.0,0,0,0,0.0,0,0.0,4.2,0.0
Durham Smythe,TE,2,3,3,23,7.7,0,0,0,0.0,0,0.0,3.8,0.0
Brevin Jordan,TE,2,2,2,27,13.5,0,0,0,0.0,0,0.0,3.7,0.0
Hayden Hurst,TE,2,3,3,20,6.7,0,0,0,0.0,0,0.0,3.5,0.0
Luke Musgrave,TE,2,2,3,25,12.5,0,0,0,0.0,0,0.0,3.5,0.0
Cole Turner,TE,2,2,2,21,10.5,0,0,0,0.0,0,0.0,3.1,0.0
Foster Moreau,TE,2,2,2,20,10.0,0,0,0,0.0,0,0.0,3.0,0.0
Austin Hooper,TE,2,2,2,20,10.0,0,0,0,0.0,0,0.0,3.0,0.0
Stone Smartt,TE,2,1,1,24,24.0,0,0,0,0.0,0,0.0,2.9,0.0
Tyler Higbee,TE,2,3,7,12,4.0,0,0,0,0.0,0,0.0,2.7,0.0
Kyle Pitts,TE,2,2,5,15,7.5,0,0,0,0.0,0,0.0,2.5,0.0
Juwan Johnson,TE,2,2,3,13,6.5,0,0,0,0.0,0,0.0,2.3,0.0
Josh Oliver,TE,2,2,3,13,6.5,0,0,0,0.0,0,0.0,2.3,0.0
Irv Smith Jr.,TE,2,2,4,10,5.0,0,0,0,0.0,0,0.0,2.0,0.0
Mo Alie-Cox,TE,2,1,1,15,15.0,0,0,0,0.0,0,0.0,2.0,0.0
Josiah Deguara,TE,2,2,2,5,2.5,0,0,0,0.0,0,0.0,1.5,0.0
Isaiah Likely,TE,2,1,1,8,8.0,0,0,0,0.0,0,0.0,1.3,0.0
Donald Parham Jr.,TE,2,1,2,7,7.0,0,0,0,0.0,0,0.0,1.2,0.0
Michael Mayer,TE,2,1,1,2,2.0,0,0,0,0.0,0,0.0,0.7,0.0
Jordan Akins,TE,2,1,1,2,2.0,0,0,0,0.0,0,0.0,0.7,0.0
Pat Freiermuth,TE,2,1,1,2,2.0,0,0,0,0.0,0,0.0,0.7,0.0
Andrew Beck,TE,2,0,0,0,0.0,0,2,2,1.0,0,0.0,0.2,0.0
Keenan Allen,WR,3,18,20,215,11.9,0,0,0,0.0,0,0.0,36.5,0.0
Davante Adams,WR,3,13,20,172,13.2,2,0,0,0.0,0,0.0,35.7,0.0
Tyreek Hill,WR,3,9,11,157,17.4,1,0,0,0.0,0,0.0,26.2,0.0
Adam Thielen,WR,3,11,14,145,13.2,1,0,0,0.0,0,0.0,26.0,0.0
Justin Jefferson,WR,3,7,13,149,21.3,1,0,0,0.0,0,0.0,24.4,0.0
Tank Dell,WR,3,5,7,145,29.0,1,0,0,0.0,0,0.0,23.0,0.0
Deebo Samuel,WR,3,6,12,129,21.5,1,1,2,2.0,0,0.0,22.1,0.0
Mike Williams,WR,3,7,8,121,17.3,1,0,0,0.0,0,0.0,21.6,0.0
Amari Cooper,WR,3,7,8,116,16.6,1,0,0,0.0,0,0.0,21.1,0.0
Ja'Marr Chase,WR,3,12,15,141,11.8,0,0,0,0.0,0,0.0,20.1,0.0
A.J. Brown,WR,3,9,14,131,14.6,0,0,0,0.0,0,0.0,17.6,0.0
DJ Chark Jr.,WR,3,4,11,86,21.5,1,0,0,0.0,0,0.0,16.6,0.0
Romeo Doubs,WR,3,5,12,73,14.6,1,0,0,0.0,0,0.0,15.8,0.0
Tutu Atwell,WR,3,4,9,50,12.5,1,1,22,22.0,0,0.0,15.2,0.0
Stefon Diggs,WR,3,8,12,111,13.9,0,0,0,0.0,0,0.0,15.1,0.0
Courtland Sutton,WR,3,8,11,91,11.4,1,0,0,0.0,0,0.0,15.1,0.0
Marvin Mims Jr.,WR,3,3,5,73,24.3,0,1,3,3.0,0,0.0,15.1,0.0
Amon-Ra St. Brown,WR,3,9,12,102,11.3,0,1,4,4.0,0,0.0,15.1,0.0
Marquise Brown,WR,3,5,7,61,12.2,1,0,0,0.0,0,0.0,14.6,0.0
Mike Evans,WR,3,5,10,60,12.0,1,0,0,0.0,0,0.0,14.5,0.0
Chris Olave,WR,3,8,11,104,13.0,0,0,0,0.0,0,0.0,14.4,0.0
DK Metcalf,WR,3,6,8,112,18.7,0,0,0,0.0,0,0.0,14.2,0.0
Rondale Moore,WR,3,4,6,8,2.0,0,3,54,18.0,1,0.0,14.2,0.0
Calvin Austin III,WR,3,2,6,72,36.0,1,0,0,0.0,0,0.0,14.2,0.0
Christian Kirk,WR,3,4,6,54,13.5,1,0,0,0.0,0,0.0,13.4,0.0
Robbie Chosen,WR,3,1,1,68,68.0,1,0,0,0.0,0,0.0,13.3,0.0
Olamide Zaccheaus,WR,3,2,3,58,29.0,1,0,0,0.0,0,0.0,12.8,0.0
Joshua Palmer,WR,3,4,7,66,16.5,1,0,0,0.0,0,0.0,12.6,0.0
Michael Gallup,WR,3,6,7,92,15.3,0,0,0,0.0,0,0.0,12.2,0.0
Michael Pittman Jr.,WR,3,9,11,77,8.6,0,0,0,0.0,0,0.0,12.2,0.0
Jakobi Meyers,WR,3,7,12,85,12.1,0,0,0,0.0,0,0.0,12.0,0.0
DJ Moore,WR,3,3,6,41,13.7,1,0,0,0.0,0,0.0,11.6,0.0
Jerry Jeudy,WR,3,5,7,81,16.2,0,0,0,0.0,0,0.0,10.6,0.0
K.J. Osborn,WR,3,1,3,36,36.0,1,0,0,0.0,0,0.0,10.1,0.0
Gabe Davis,WR,3,1,4,35,35.0,1,1,-2,-2.0,0,0.0,9.8,0.0
Josh Downs,WR,3,8,12,57,7.1,0,0,0,0.0,0,0.0,9.7,0.0
Puka Nacua,WR,3,5,7,72,14.4,0,0,0,0.0,0,0.0,9.7,0.0
Michael Wilson,WR,3,2,2,86,43.0,0,0,0,0.0,0,0.0,9.6,0.0
George Pickens,WR,3,4,6,75,18.8,0,0,0,0.0,0,0.0,9.5,0.0
Ronnie Bell,WR,3,2,2,24,12.0,1,0,0,0.0,0,0.0,9.4,0.0
Zay Flowers,WR,3,8,10,48,6.0,0,1,2,2.0,0,0.0,9.0,0.0
Rashee Rice,WR,3,5,7,59,11.8,0,0,0,0.0,0,0.0,8.4,0.0
Jordan Addison,WR,3,6,8,52,8.7,0,0,0,0.0,0,0.0,8.2,0.0
CeeDee Lamb,WR,3,4,7,53,13.3,0,2,9,4.5,0,0.0,8.2,0.0
Michael Thomas,WR,3,6,9,50,8.3,0,0,0,0.0,0,0.0,8.0,0.0
Jayden Reed,WR,3,3,7,63,21.0,0,0,0,0.0,0,0.0,7.8,0.0
Kalif Raymond,WR,3,4,6,55,13.8,0,0,0,0.0,0,0.0,7.5,0.0
Elijah Moore,WR,3,9,9,49,5.4,0,3,-1,-0.3,0,0.0,7.3,0.0
Garrett Wilson,WR,3,5,9,48,9.6,0,0,0,0.0,0,0.0,7.3,0.0
Terry McLaurin,WR,3,6,6,41,6.8,0,0,0,0.0,0,0.0,7.1,0.0
Jake Bobo,WR,3,1,2,5,5.0,1,0,0,0.0,0,0.0,7.0,0.0
Tyler Lockett,WR,3,3,7,34,11.3,0,0,0,0.0,0,0.0,6.9,0.0
Chris Godwin,WR,3,3,5,32,10.7,0,0,0,0.0,0,0.0,6.7,0.0
Kendrick Bourne,WR,3,4,5,46,11.5,0,0,0,0.0,0,0.0,6.6,0.0
Dontayvion Wicks,WR,3,4,6,45,11.3,0,0,0,0.0,0,0.0,6.5,0.0
Tyler Boyd,WR,3,5,9,39,7.8,0,0,0,0.0,0,0.0,6.4,0.0
Curtis Samuel,WR,3,2,4,54,27.0,0,0,0,0.0,0,0.0,6.4,0.0
Donovan Peoples-Jones,WR,3,3,4,49,16.3,0,0,0,0.0,0,0.0,6.4,0.0
DeAndre Hopkins,WR,3,3,7,48,16.0,0,0,0,0.0,0,0.0,6.3,0.0
Skyy Moore,WR,3,4,6,42,10.5,0,0,0,0.0,0,0.0,6.2,0.0
Justin Watson,WR,3,2,3,51,25.5,0,0,0,0.0,0,0.0,6.1,0.0
Rashid Shaheed,WR,3,0,2,0,0.0,0,1,0,0.0,0,0.0,6.0,0.0
Terrace Marshall Jr.,WR,3,5,8,35,7.0,0,0,0,0.0,0,0.0,6.0,0.0
Nelson Agholor,WR,3,4,4,39,9.8,0,0,0,0.0,0,0.0,5.9,0.0
Alec Pierce,WR,3,3,7,43,14.3,0,0,0,0.0,0,0.0,5.8,0.0
Calvin Ridley,WR,3,3,7,40,13.3,0,0,0,0.0,0,0.0,5.5,0.0
Van Jefferson,WR,3,1,3,46,46.0,0,1,4,4.0,0,0.0,5.5,0.0
Parris Campbell,WR,3,6,6,24,4.0,0,0,0,0.0,0,0.0,5.4,0.0
Allen Lazard,WR,3,3,5,39,13.0,0,0,0,0.0,0,0.0,5.4,0.0
Chris Moore,WR,3,2,3,41,20.5,0,0,0,0.0,0,0.0,5.1,0.0
Jamal Agnew,WR,3,4,5,49,12.3,0,0,0,0.0,0,0.0,4.9,0.0
Robert Woods,WR,3,3,6,34,11.3,0,0,0,0.0,0,0.0,4.9,0.0
DeVonta Smith,WR,3,4,5,28,7.0,0,0,0,0.0,0,0.0,4.8,0.0
Darius Slayton,WR,3,3,6,32,10.7,0,0,0,0.0,0,0.0,4.7,0.0
Nico Collins,WR,3,2,3,34,17.0,0,0,0,0.0,0,0.0,4.4,0.0
Allen Robinson II,WR,3,4,4,24,6.0,0,0,0,0.0,0,0.0,4.4,0.0
Braxton Berrios,WR,3,2,2,33,16.5,0,0,0,0.0,0,0.0,4.3,0.0
Marquez Valdes-Scantling,WR,3,1,2,37,37.0,0,0,0,0.0,0,0.0,4.2,0.0
Jauan Jennings,WR,3,2,3,31,15.5,0,0,0,0.0,0,0.0,4.1,0.0
Wan'Dale Robinson,WR,3,4,5,21,5.3,0,0,0,0.0,0,0.0,4.1,0.0
Drake London,WR,3,2,6,31,15.5,0,0,0,0.0,0,0.0,4.1,0.0
Jonathan Mingo,WR,3,3,6,21,7.0,0,0,0,0.0,0,0.0,3.6,0.0
Tee Higgins,WR,3,2,8,21,10.5,0,0,0,0.0,0,0.0,3.1,0.0
Jahan Dotson,WR,3,2,4,21,10.5,0,0,0,0.0,0,0.0,3.1,0.0
DeVante Parker,WR,3,2,3,19,9.5,0,0,0,0.0,0,0.0,2.9,0.0
Trent Sherfield,WR,3,2,3,18,9.0,0,0,0,0.0,0,0.0,2.8,0.0
Mack Hollins,WR,3,1,4,23,23.0,0,0,0,0.0,0,0.0,2.8,0.0
Hunter Renfrow,WR,3,2,2,17,8.5,0,0,0,0.0,0,0.0,2.7,0.0
Brandin Cooks,WR,3,2,7,17,8.5,0,0,0,0.0,0,0.0,2.7,0.0
Demario Douglas,WR,3,1,3,15,15.0,0,1,5,5.0,0,0.0,2.5,0.0
Deonte Harty,WR,3,2,3,15,7.5,0,2,-2,-1.0,0,0.0,2.3,0.0
John Metchie III,WR,3,2,2,13,6.5,0,0,0,0.0,0,0.0,2.3,0.0
Brandon Johnson,WR,3,2,3,12,6.0,0,0,0,0.0,0,0.0,2.2,0.0
DeAndre Carter,WR,3,1,1,16,16.0,0,0,0,0.0,0,0.0,2.1,0.0
Tim Jones,WR,3,2,3,11,5.5,0,0,0,0.0,0,0.0,2.1,0.0
Chase Claypool,WR,3,1,4,15,15.0,0,0,0,0.0,0,0.0,2.0,0.0
Quentin Johnston,WR,3,2,3,10,5.0,0,0,0,0.0,0,0.0,2.0,0.0
Samori Toure,WR,3,0,3,0,0.0,0,0,0,0.0,0,0.0,2.0,0.0
KhaDarel Hodge,WR,3,1,1,15,15.0,0,0,0,0.0,0,0.0,2.0,0.0
River Cracraft,WR,3,1,1,13,13.0,0,0,0,0.0,0,0.0,1.8,0.0
Randall Cobb,WR,3,1,2,12,12.0,0,0,0,0.0,0,0.0,1.7,0.0
Deven Thompkins,WR,3,2,4,6,3.0,0,0,0,0.0,0,0.0,1.6,0.0
Jaxon Smith-Njigba,WR,3,1,3,10,10.0,0,0,0,0.0,0,0.0,1.5,0.0
Trey Palmer,WR,3,1,1,8,8.0,0,0,0,0.0,0,0.0,1.3,0.0
Laviska Shenault Jr.,WR,3,1,1,0,0.0,0,2,7,3.5,0,0.0,1.2,0.0
Charlie Jones,WR,3,1,2,6,6.0,0,0,0,0.0,0,0.0,1.1,0.0
Rashod Bateman,WR,3,1,3,6,6.0,0,0,0,0.0,0,0.0,1.1,0.0
Tyler Scott,WR,3,1,3,6,6.0,0,0,0,0.0,0,0.0,1.1,0.0
Khalil Shakir,WR,3,1,1,5,5.0,0,0,0,0.0,0,0.0,1.0,0.0
JuJu Smith-Schuster,WR,3,1,3,5,5.0,0,0,0,0.0,0,0.0,1.0,0.0
Treylon Burks,WR,3,1,6,5,5.0,0,0,0,0.0,0,0.0,1.0,0.0
Brandon Powell,WR,3,1,1,5,5.0,0,0,0,0.0,0,0.0,1.0,0.0
Isaiah McKenzie,WR,3,1,1,3,3.0,0,0,0,0.0,0,0.0,0.8,0.0
Ben Skowronek,WR,3,1,1,3,3.0,0,0,0,0.0,0,0.0,0.8,0.0
Derius Davis,WR,3,1,1,3,3.0,0,0,0,0.0,0,0.0,0.8,0.0
Kadarius Toney,WR,3,1,1,-1,-1.0,0,0,0,0.0,0,0.0,0.4,0.0
Marquise Goodwin,WR,3,0,0,0,0.0,0,1,1,1.0,0,0.0,0.1,0.0
De'Von Achane,RB,3,4,4,30,7.5,2,18,203,11.3,2,0.0,49.3,0.0
Raheem Mostert,RB,3,7,7,60,8.6,1,13,82,6.3,3,0.0,41.7,0.0
Kenneth Walker III,RB,3,3,3,59,19.7,0,18,97,5.4,2,0.0,29.1,0.0
Zack Moss,RB,3,2,3,23,11.5,1,30,122,4.1,0,0.0,21.5,0.0
Christian McCaffrey,RB,3,5,5,34,6.8,0,18,85,4.7,1,0.0,20.4,0.0
James Conner,RB,3,2,2,18,9.0,0,14,98,7.0,1,0.0,18.6,0.0
Jerome Ford,RB,3,2,3,33,16.5,1,10,18,1.8,1,0.0,18.1,0.0
Jerick McKinnon,RB,3,3,3,19,6.3,2,2,9,4.5,0,0.0,16.3,0.0
Travis Etienne Jr.,RB,3,4,5,50,12.5,0,19,88,4.6,0,0.0,15.8,0.0
Alexander Mattison,RB,3,5,7,32,6.4,0,20,93,4.7,0,0.0,15.0,0.0
Isiah Pacheco,RB,3,2,3,16,8.0,0,15,62,4.1,1,0.0,14.8,0.0
Miles Sanders,RB,3,5,9,38,7.6,0,9,24,2.7,1,0.0,14.7,0.0
D'Andre Swift,RB,3,1,2,8,8.0,0,16,130,8.1,0,0.0,14.3,0.0
Tony Pollard,RB,3,3,3,-1,-0.3,0,23,122,5.3,0,0.0,13.6,0.0
Joe Mixon,RB,3,1,2,5,5.0,0,19,65,3.4,1,0.0,13.5,0.0
Dameon Pierce,RB,3,3,3,28,9.3,0,14,31,2.2,1,0.0,13.4,0.0
Clyde Edwards-Helaire,RB,3,1,1,2,2.0,0,15,55,3.7,1,0.0,12.2,0.0
James Cook,RB,3,2,3,14,7.0,0,15,98,6.5,0,0.0,12.2,0.0
Rico Dowdle,RB,3,3,3,25,8.3,1,4,21,5.3,0,0.0,12.1,0.0
Josh Jacobs,RB,3,3,5,18,6.0,0,17,62,3.6,0,0.0,9.5,0.0
Matt Breida,RB,3,3,3,1,0.3,0,4,17,4.3,1,0.0,9.3,0.0
Ezekiel Elliott,RB,3,1,1,7,7.0,0,16,80,5.0,0,0.0,9.2,0.0
Jahmyr Gibbs,RB,3,1,2,2,2.0,0,17,80,4.7,0,0.0,8.7,0.0
Latavius Murray,RB,3,1,1,6,6.0,0,5,15,3.0,1,0.0,8.6,0.0
Bijan Robinson,RB,3,4,6,27,6.8,0,10,33,3.3,0,0.0,8.0,0.0
Kyren Williams,RB,3,2,7,27,13.5,0,10,38,3.8,0,0.0,7.5,0.0
Javonte Williams,RB,3,2,3,23,11.5,0,11,42,3.8,0,0.0,7.5,0.0
Tony Jones Jr.,RB,3,4,4,21,5.3,0,8,31,3.9,0,0.0,7.2,0.0
Tank Bigsby,RB,3,0,1,0,0.0,0,2,10,5.0,1,0.0,7.0,0.0
Brian Robinson Jr.,RB,3,0,0,0,0.0,0,10,70,7.0,0,0.0,7.0,0.0
Rhamondre Stevenson,RB,3,1,4,3,3.0,0,19,59,3.1,0,0.0,6.7,0.0
Jaylen Warren,RB,3,3,4,23,7.7,0,8,29,3.6,0,0.0,6.7,0.0
Chris Brooks,RB,3,0,0,0,0.0,0,9,66,7.3,0,0.0,6.6,0.0
Melvin Gordon III,RB,3,2,2,23,11.5,0,10,32,3.2,0,0.0,6.5,0.0
Najee Harris,RB,3,0,1,0,0.0,0,19,65,3.4,0,0.0,6.5,0.0
Nick Bawden,RB,3,0,0,0,0.0,0,1,1,1.0,1,0.0,6.1,0.0
Roschon Johnson,RB,3,2,2,11,5.5,0,8,38,4.8,0,0.0,5.9,0.0
Elijah Mitchell,RB,3,3,3,2,0.7,0,11,42,3.8,0,0.0,5.9,0.0
Rachaad White,RB,3,3,3,24,8.0,0,14,38,2.7,0,0.0,5.7,0.0
Devin Singletary,RB,3,2,2,4,2.0,0,9,41,4.6,0,0.0,5.5,0.0
Kenneth Gainwell,RB,3,1,2,5,5.0,0,14,43,3.1,0,0.0,5.3,0.0
Gus Edwards,RB,3,0,0,0,0.0,0,11,51,4.6,0,0.0,5.1,0.0
Zach Charbonnet,RB,3,1,2,-1,-1.0,0,9,46,5.1,0,0.0,5.0,0.0
Gary Brightwell,RB,3,2,3,31,15.5,0,4,5,1.3,0,0.0,4.6,0.0
Kareem Hunt,RB,3,2,3,22,11.0,0,5,13,2.6,0,0.0,4.5,0.0
Patrick Taylor Jr.,RB,3,3,4,23,7.7,0,3,6,2.0,0,0.0,4.4,0.0
Dalvin Cook,RB,3,3,3,11,3.7,0,8,18,2.3,0,0.0,4.4,0.0
Tyler Allgeier,RB,3,2,3,17,8.5,0,7,12,1.7,0,0.0,3.9,0.0
Kendre Miller,RB,3,1,1,0,0.0,0,9,34,3.8,0,0.0,3.9,0.0
Ty Chandler,RB,3,1,2,4,4.0,0,3,27,9.0,0,0.0,3.6,0.0
Samaje Perine,RB,3,2,3,15,7.5,0,3,9,3.0,0,0.0,3.4,0.0
AJ Dillon,RB,3,0,0,0,0.0,0,11,33,3.0,0,0.0,3.3,0.0
Breece Hall,RB,3,1,2,9,9.0,0,12,18,1.5,0,0.0,3.2,0.0
Tyjae Spears,RB,3,4,4,3,0.8,0,4,6,1.5,0,0.0,2.9,0.0
Pierre Strong Jr.,RB,3,0,0,0,0.0,0,6,27,4.5,0,0.0,2.7,0.0
Trey Sermon,RB,3,1,2,4,4.0,0,5,17,3.4,0,0.0,2.6,0.0
Hunter Luepke,RB,3,1,1,12,12.0,0,1,9,9.0,0,0.0,2.6,0.0
Keaontay Ingram,RB,3,1,1,8,8.0,0,5,13,2.6,0,0.0,2.6,0.0
Ameer Abdullah,RB,3,2,3,16,8.0,0,0,0,0.0,0,0.0,2.6,0.0
Khalil Herbert,RB,3,2,2,4,2.0,0,7,31,4.4,0,0.0,2.5,0.0
Joshua Kelley,RB,3,1,1,5,5.0,0,11,12,1.1,0,0.0,2.2,0.0
D'Ernest Johnson,RB,3,2,2,6,3.0,0,3,6,2.0,0,0.0,2.2,0.0
Kenyan Drake,RB,3,2,3,31,15.5,0,1,0,0.0,0,0.0,2.1,0.0
Derrick Henry,RB,3,0,0,0,0.0,0,11,20,1.8,0,0.0,2.0,0.0
Antonio Gibson,RB,3,3,5,7,2.3,0,2,17,8.5,0,0.0,1.9,0.0
Emanuel Wilson,RB,3,1,1,6,6.0,0,2,6,3.0,0,0.0,1.7,0.0
Damien Harris,RB,3,0,0,0,0.0,0,5,15,3.0,0,0.0,1.5,0.0
Jaleel McLaughlin,RB,3,0,0,0,0.0,0,5,15,3.0,0,0.0,1.5,0.0
Craig Reynolds,RB,3,0,0,0,0.0,0,4,15,3.8,0,0.0,1.5,0.0
Chuba Hubbard,RB,3,2,3,2,1.0,0,1,2,2.0,0,0.0,1.4,0.0
Zonovan Knight,RB,3,0,0,0,0.0,0,3,13,4.3,0,0.0,1.3,0.0
C.J. Ham,RB,3,1,1,7,7.0,0,0,0,0.0,0,0.0,1.2,0.0
Jordan Mason,RB,3,0,0,0,0.0,0,3,11,3.7,0,0.0,1.1,0.0
DeeJay Dallas,RB,3,1,1,-2,-2.0,0,2,7,3.5,0,0.0,1.0,0.0
Michael Carter,RB,3,1,1,3,3.0,0,0,0,0.0,0,0.0,0.8,0.0
Isaiah Spiller,RB,3,0,0,0,0.0,0,2,7,3.5,0,0.0,0.7,0.0
Trayveon Williams,RB,3,0,2,0,0.0,0,1,4,4.0,0,0.0,0.4,0.0
Kyle Juszczyk,RB,3,0,0,0,0.0,0,1,3,3.0,0,0.0,0.3,0.0
Emari Demercado,RB,3,0,0,0,0.0,0,2,2,1.0,0,0.0,0.2,0.0
Sean Tucker,RB,3,0,0,0,0.0,0,2,1,0.5,0,0.0,0.1,0.0
Sam LaPorta,TE,3,8,11,84,10.5,1,0,0,0.0,0,0.0,18.4,0.0
Travis Kelce,TE,3,7,8,69,9.9,1,0,0,0.0,0,0.0,16.4,0.0
Pharaoh Brown,TE,3,2,2,71,35.5,1,0,0,0.0,0,0.0,14.1,0.0
Donald Parham Jr.,TE,3,2,2,4,2.0,2,0,0,0.0,0,0.0,13.4,0.0
George Kittle,TE,3,7,9,90,12.9,0,0,0,0.0,0,0.0,12.5,0.0
Pat Freiermuth,TE,3,3,4,41,13.7,1,0,0,0.0,0,0.0,11.6,0.0
Evan Engram,TE,3,7,8,67,9.6,0,0,0,0.0,0,0.0,10.2,0.0
T.J. Hockenson,TE,3,8,11,78,9.8,0,0,0,0.0,0,0.0,9.8,0.0
Tyler Higbee,TE,3,5,5,71,14.2,0,0,0,0.0,0,0.0,9.6,0.0
Brevin Jordan,TE,3,2,2,13,6.5,1,0,0,0.0,0,0.0,8.3,0.0
Luke Musgrave,TE,3,6,8,49,8.2,0,0,0,0.0,0,0.0,7.9,0.0
Josh Oliver,TE,3,2,2,4,2.0,1,0,0,0.0,0,0.0,7.4,0.0
Jake Ferguson,TE,3,5,7,48,9.6,0,0,0,0.0,0,0.0,7.3,0.0
Jimmy Graham,TE,3,1,1,8,8.0,1,0,0,0.0,0,0.0,7.3,0.0
Dallas Goedert,TE,3,5,7,41,8.2,0,0,0,0.0,0,0.0,6.6,0.0
Kyle Pitts,TE,3,5,9,41,8.2,0,1,-4,-4.0,0,0.0,6.2,0.0
Jonnu Smith,TE,3,5,8,37,7.4,0,0,0,0.0,0,0.0,6.2,0.0
Noah Fant,TE,3,4,5,41,10.3,0,0,0,0.0,0,0.0,6.1,0.0
Andrew Beck,TE,3,0,0,0,0.0,0,0,0,0.0,0,0.0,6.0,0.0
Gerald Everett,TE,3,6,6,30,5.0,0,0,0,0.0,0,0.0,6.0,0.0
Cole Turner,TE,3,4,7,35,8.8,0,0,0,0.0,0,0.0,5.5,0.0
Mark Andrews,TE,3,4,5,35,8.8,0,0,0,0.0,0,0.0,5.5,0.0
Colby Parkinson,TE,3,3,4,38,12.7,0,0,0,0.0,0,0.0,5.3,0.0
Tyler Conklin,TE,3,3,5,26,8.7,0,0,0,0.0,0,0.0,4.1,0.0
David Njoku,TE,3,4,4,20,5.0,0,0,0,0.0,0,0.0,4.0,0.0
Tanner Hudson,TE,3,2,4,30,15.0,0,0,0,0.0,0,0.0,4.0,0.0
Darren Waller,TE,3,3,7,20,6.7,0,0,0,0.0,0,0.0,3.5,0.0
Cole Kmet,TE,3,2,2,22,11.0,0,0,0,0.0,0,0.0,3.2,0.0
Hunter Henry,TE,3,2,5,17,8.5,0,0,0,0.0,0,0.0,2.7,0.0
Taysom Hill,TE,3,1,1,9,9.0,0,4,12,3.0,0,0.0,2.6,0.0
Isaiah Likely,TE,3,1,2,20,20.0,0,0,0,0.0,0,0.0,2.5,0.0
Mike Gesicki,TE,3,1,1,18,18.0,0,0,0,0.0,0,0.0,2.3,0.0
Chigoziem Okonkwo,TE,3,3,4,7,2.3,0,0,0,0.0,0,0.0,2.2,0.0
John Bates,TE,3,2,2,12,6.0,0,0,0,0.0,0,0.0,2.2,0.0
Juwan Johnson,TE,3,2,4,12,6.0,0,0,0,0.0,0,0.0,2.2,0.0
Cade Otton,TE,3,1,2,16,16.0,0,0,0,0.0,0,0.0,2.1,0.0
Michael Mayer,TE,3,0,1,0,0.0,0,0,0,0.0,0,0.0,2.0,0.0
Tommy Tremble,TE,3,1,1,15,15.0,0,0,0,0.0,0,0.0,2.0,0.0
Mitchell Wilcox,TE,3,2,3,10,5.0,0,0,0,0.0,0,0.0,2.0,0.0
Durham Smythe,TE,3,1,1,15,15.0,0,0,0,0.0,0,0.0,2.0,0.0
Kylen Granson,TE,3,2,4,9,4.5,0,0,0,0.0,0,0.0,1.9,0.0
Brenton Strange,TE,3,2,2,7,3.5,0,0,0,0.0,0,0.0,1.7,0.0
Nate Adkins,TE,3,1,1,11,11.0,0,0,0,0.0,0,0.0,1.6,0.0
Zach Ertz,TE,3,2,2,6,3.0,0,0,0,0.0,0,0.0,1.6,0.0
Hayden Hurst,TE,3,1,3,11,11.0,0,0,0,0.0,0,0.0,1.6,0.0
Andrew Ogletree,TE,3,1,2,11,11.0,0,0,0,0.0,0,0.0,1.6,0.0
Dawson Knox,TE,3,1,3,11,11.0,0,0,0,0.0,0,0.0,1.6,0.0
MyCole Pruitt,TE,3,1,1,10,10.0,0,0,0,0.0,0,0.0,1.5,0.0
Noah Gray,TE,3,1,2,9,9.0,0,0,0,0.0,0,0.0,1.4,0.0
C.J. Uzomah,TE,3,1,1,9,9.0,0,0,0,0.0,0,0.0,1.4,0.0
Dalton Schultz,TE,3,1,3,9,9.0,0,0,0,0.0,0,0.0,1.4,0.0
Ian Thomas,TE,3,1,1,8,8.0,0,0,0,0.0,0,0.0,1.3,0.0
Daniel Bellinger,TE,3,1,1,8,8.0,0,0,0,0.0,0,0.0,1.3,0.0
Dalton Kincaid,TE,3,2,2,3,1.5,0,0,0,0.0,0,0.0,1.3,0.0
Drew Sample,TE,3,1,1,7,7.0,0,0,0,0.0,0,0.0,1.2,0.0
Jack Stoll,TE,3,1,2,6,6.0,0,0,0,0.0,0,0.0,1.1,0.0
Luke Farrell,TE,3,1,1,4,4.0,0,0,0,0.0,0,0.0,0.9,0.0
Peyton Hendershot,TE,3,1,1,3,3.0,0,0,0,0.0,0,0.0,0.8,0.0
Trey McBride,TE,3,1,1,2,2.0,0,0,0,0.0,0,0.0,0.7,0.0
Harrison Bryant,TE,3,0,0,0,0.0,0,2,4,2.0,0,0.0,0.4,0.0
A.J. Brown,WR,4,9,13,175,19.4,2,0,0,0.0,0,0.0,34.0,0.0
Stefon Diggs,WR,4,6,7,120,20.0,3,0,0,0.0,0,0.0,33.0,0.0
Nico Collins,WR,4,7,9,168,24.0,2,0,0,0.0,0,0.0,32.3,0.0
Puka Nacua,WR,4,9,10,163,18.1,1,0,0,0.0,0,0.0,26.8,0.0
Justin Jefferson,WR,4,6,9,85,14.2,2,0,0,0.0,0,0.0,23.5,0.0
Michael Wilson,WR,4,7,7,76,10.9,2,0,0,0.0,0,0.0,23.1,0.0
DJ Moore,WR,4,8,9,131,16.4,1,0,0,0.0,0,0.0,23.1,0.0
Brandon Aiyuk,WR,4,6,6,148,24.7,0,0,0,0.0,0,0.0,17.8,0.0
Chris Godwin,WR,4,8,11,114,14.3,0,0,0,0.0,0,0.0,15.4,0.0
Curtis Samuel,WR,4,7,8,51,7.3,0,1,1,1.0,1,0.0,14.7,0.0
Braxton Berrios,WR,4,6,6,43,7.2,1,1,11,11.0,0,0.0,14.4,0.0
Amon-Ra St. Brown,WR,4,5,7,56,11.2,1,0,0,0.0,0,0.0,14.1,0.0
Romeo Doubs,WR,4,9,13,95,10.6,0,0,0,0.0,0,0.0,14.0,0.0
Allen Lazard,WR,4,3,3,61,20.3,1,0,0,0.0,0,0.0,13.6,0.0
Nick Westbrook-Ikhine,WR,4,5,6,51,10.2,1,0,0,0.0,0,0.0,13.6,0.0
Deven Thompkins,WR,4,4,4,45,11.3,1,1,11,11.0,0,0.0,13.6,0.0
Gabe Davis,WR,4,3,3,61,20.3,1,0,0,0.0,0,0.0,13.6,0.0
Marquise Brown,WR,4,7,10,96,13.7,0,0,0,0.0,0,0.0,13.1,0.0
CeeDee Lamb,WR,4,4,6,36,9.0,1,1,12,12.0,0,0.0,12.8,0.0
Terry McLaurin,WR,4,8,10,86,10.8,0,0,0,0.0,0,0.0,12.6,0.0
Christian Kirk,WR,4,8,12,84,10.5,0,0,0,0.0,0,0.0,12.4,0.0
Adam Thielen,WR,4,7,8,76,10.9,0,1,6,6.0,0,0.0,11.7,0.0
Davante Adams,WR,4,8,13,75,9.4,0,0,0,0.0,0,0.0,11.5,0.0
DeVonta Smith,WR,4,7,9,78,11.1,0,0,0,0.0,0,0.0,11.3,0.0
DK Metcalf,WR,4,3,4,34,11.3,1,0,0,0.0,0,0.0,10.9,0.0
Ja'Marr Chase,WR,4,7,9,73,10.4,0,0,0,0.0,0,0.0,10.8,0.0
Calvin Ridley,WR,4,2,2,38,19.0,1,0,0,0.0,0,0.0,10.8,0.0
Jahan Dotson,WR,4,4,9,27,6.8,1,0,0,0.0,0,0.0,10.7,0.0
Keenan Allen,WR,4,3,5,32,10.7,1,0,0,0.0,0,0.0,10.7,0.0
Garrett Wilson,WR,4,9,14,60,6.7,0,0,0,0.0,0,0.0,10.5,0.0
Drake London,WR,4,3,7,28,9.3,1,0,0,0.0,0,0.0,10.3,0.0
Courtland Sutton,WR,4,3,5,27,9.0,1,0,0,0.0,0,0.0,10.2,0.0
Terrace Marshall Jr.,WR,4,9,10,56,6.2,0,0,0,0.0,0,0.0,10.1,0.0
Christian Watson,WR,4,2,4,25,12.5,1,0,0,0.0,0,0.0,9.5,0.0
Joshua Palmer,WR,4,3,8,77,25.7,0,0,0,0.0,0,0.0,9.2,0.0
Jayden Reed,WR,4,3,5,55,18.3,0,0,0,0.0,0,0.0,9.0,0.0
Tyreek Hill,WR,4,3,5,58,19.3,0,1,14,14.0,0,0.0,8.7,0.0
Michael Gallup,WR,4,5,6,60,12.0,0,0,0,0.0,0,0.0,8.5,0.0
Josh Reynolds,WR,4,3,6,69,23.0,0,0,0,0.0,0,0.0,8.4,0.0
DeAndre Hopkins,WR,4,4,6,63,15.8,0,0,0,0.0,0,0.0,8.3,0.0
Derius Davis,WR,4,2,2,16,8.0,0,3,51,17.0,0,0.0,7.7,0.0
Trey Palmer,WR,4,2,3,6,3.0,1,0,0,0.0,0,0.0,7.6,0.0
Tyler Lockett,WR,4,4,6,54,13.5,0,0,0,0.0,0,0.0,7.4,0.0
Michael Thomas,WR,4,4,6,53,13.3,0,0,0,0.0,0,0.0,7.3,0.0
Jalen Tolbert,WR,4,4,4,53,13.3,0,0,0,0.0,0,0.0,7.3,0.0
Wan'Dale Robinson,WR,4,5,6,40,8.0,0,1,7,7.0,0,0.0,7.2,0.0
Darnell Mooney,WR,4,4,4,51,12.8,0,0,0,0.0,0,0.0,7.1,0.0
Brandon Johnson,WR,4,1,1,4,4.0,1,0,0,0.0,0,0.0,6.9,0.0
Jerry Jeudy,WR,4,3,5,52,17.3,0,0,0,0.0,0,0.0,6.7,0.0
Jaylen Waddle,WR,4,4,5,46,11.5,0,0,0,0.0,0,0.0,6.6,0.0
Zay Flowers,WR,4,3,4,56,18.7,0,1,-6,-6.0,0,0.0,6.5,0.0
Dyami Brown,WR,4,2,3,51,25.5,0,0,0,0.0,0,0.0,6.1,0.0
Marvin Mims Jr.,WR,4,2,2,47,23.5,0,0,0,0.0,0,0.0,5.7,0.0
KaVontae Turpin,WR,4,1,1,5,5.0,0,1,46,46.0,0,0.0,5.6,0.0
Demario Douglas,WR,4,2,3,45,22.5,0,0,0,0.0,0,0.0,5.5,0.0
Mike Evans,WR,4,3,3,40,13.3,0,0,0,0.0,0,0.0,5.5,0.0
Chris Moore,WR,4,1,3,44,44.0,0,0,0,0.0,0,0.0,4.9,0.0
Tutu Atwell,WR,4,5,9,24,4.8,0,0,0,0.0,0,0.0,4.9,0.0
Rashid Shaheed,WR,4,3,7,33,11.0,0,0,0,0.0,0,0.0,4.8,0.0
Brandin Cooks,WR,4,4,4,27,6.8,0,0,0,0.0,0,0.0,4.7,0.0
Rashee Rice,WR,4,3,5,32,10.7,0,0,0,0.0,0,0.0,4.7,0.0
Kendrick Bourne,WR,4,2,3,36,18.0,0,0,0,0.0,0,0.0,4.6,0.0
Tyler Boyd,WR,4,4,7,26,6.5,0,0,0,0.0,0,0.0,4.6,0.0
Josh Downs,WR,4,2,3,34,17.0,0,0,0,0.0,0,0.0,4.4,0.0
Calvin Austin III,WR,4,3,5,24,8.0,0,1,5,5.0,0,0.0,4.4,0.0
Jakobi Meyers,WR,4,2,4,33,16.5,0,0,0,0.0,0,0.0,4.3,0.0
Kalif Raymond,WR,4,1,1,-2,-2.0,0,1,40,40.0,0,0.0,4.3,0.0
Alec Pierce,WR,4,1,2,38,38.0,0,0,0,0.0,0,0.0,4.3,0.0
DeVante Parker,WR,4,2,4,33,16.5,0,0,0,0.0,0,0.0,4.3,0.0
Robert Woods,WR,4,3,6,26,8.7,0,0,0,0.0,0,0.0,4.1,0.0
Michael Pittman Jr.,WR,4,1,5,15,15.0,0,0,0,0.0,0,0.0,4.0,0.0
George Pickens,WR,4,3,7,25,8.3,0,0,0,0.0,0,0.0,4.0,0.0
Samori Toure,WR,4,1,1,35,35.0,0,0,0,0.0,0,0.0,4.0,0.0
Van Jefferson,WR,4,2,3,29,14.5,0,0,0,0.0,0,0.0,3.9,0.0
Isaiah Hodgins,WR,4,3,3,24,8.0,0,0,0,0.0,0,0.0,3.9,0.0
DJ Chark Jr.,WR,4,2,3,28,14.0,0,0,0,0.0,0,0.0,3.8,0.0
Tank Dell,WR,4,1,3,16,16.0,0,2,13,6.5,0,0.0,3.4,0.0
Darius Slayton,WR,4,2,3,23,11.5,0,0,0,0.0,0,0.0,3.3,0.0
Kadarius Toney,WR,4,2,2,22,11.0,0,0,0,0.0,0,0.0,3.2,0.0
Ray-Ray McCloud III,WR,4,2,2,22,11.0,0,0,0,0.0,0,0.0,3.2,0.0
Parris Campbell,WR,4,3,5,15,5.0,0,0,0,0.0,0,0.0,3.0,0.0
Tee Higgins,WR,4,2,4,19,9.5,0,0,0,0.0,0,0.0,2.9,0.0
KhaDarel Hodge,WR,4,2,2,19,9.5,0,0,0,0.0,0,0.0,2.9,0.0
Trent Sherfield,WR,4,2,3,18,9.0,0,0,0,0.0,0,0.0,2.8,0.0
John Metchie III,WR,4,1,2,22,22.0,0,0,0,0.0,0,0.0,2.7,0.0
Equanimeous St. Brown,WR,4,1,1,21,21.0,0,0,0,0.0,0,0.0,2.6,0.0
Zach Pascal,WR,4,3,4,10,3.3,0,0,0,0.0,0,0.0,2.5,0.0
Laviska Shenault Jr.,WR,4,1,1,12,12.0,0,1,7,7.0,0,0.0,2.4,0.0
Quentin Johnston,WR,4,1,3,18,18.0,0,0,0,0.0,0,0.0,2.3,0.0
Trenton Irwin,WR,4,1,1,17,17.0,0,0,0,0.0,0,0.0,2.2,0.0
Hunter Renfrow,WR,4,2,4,12,6.0,0,0,0,0.0,0,0.0,2.2,0.0
Xavier Gipson,WR,4,1,1,4,4.0,0,2,13,6.5,0,0.0,2.2,0.0
Amari Cooper,WR,4,1,6,16,16.0,0,0,0,0.0,0,0.0,2.1,0.0
K.J. Osborn,WR,4,1,2,16,16.0,0,0,0,0.0,0,0.0,2.1,0.0
Cedrick Wilson Jr.,WR,4,1,2,16,16.0,0,0,0,0.0,0,0.0,2.1,0.0
Deonte Harty,WR,4,2,2,10,5.0,0,0,0,0.0,0,0.0,2.0,0.0
Byron Pringle,WR,4,1,2,15,15.0,0,0,0,0.0,0,0.0,2.0,0.0
Jalin Hyatt,WR,4,2,2,10,5.0,0,0,0,0.0,0,0.0,2.0,0.0
Jaxon Smith-Njigba,WR,4,3,6,5,1.7,0,0,0,0.0,0,0.0,2.0,0.0
Tyler Scott,WR,4,0,0,0,0.0,0,2,19,9.5,0,0.0,1.9,0.0
JuJu Smith-Schuster,WR,4,1,5,14,14.0,0,0,0,0.0,0,0.0,1.9,0.0
Skyy Moore,WR,4,0,2,0,0.0,0,2,19,9.5,0,0.0,1.9,0.0
Devin Duvernay,WR,4,2,2,8,4.0,0,0,0,0.0,0,0.0,1.8,0.0
Randall Cobb,WR,4,2,4,8,4.0,0,0,0,0.0,0,0.0,1.8,0.0
Lil'Jordan Humphrey,WR,4,1,1,11,11.0,0,0,0,0.0,0,0.0,1.6,0.0
Olamide Zaccheaus,WR,4,1,2,11,11.0,0,0,0,0.0,0,0.0,1.6,0.0
Cody Thompson,WR,4,1,1,10,10.0,0,0,0,0.0,0,0.0,1.5,0.0
Willie Snead IV,WR,4,1,1,9,9.0,0,0,0,0.0,0,0.0,1.4,0.0
Allen Robinson II,WR,4,1,2,8,8.0,0,0,0,0.0,0,0.0,1.3,0.0
Ronnie Bell,WR,4,1,1,7,7.0,0,0,0,0.0,0,0.0,1.2,0.0
Donovan Peoples-Jones,WR,4,1,4,7,7.0,0,0,0,0.0,0,0.0,1.2,0.0
Sterling Shepard,WR,4,1,1,6,6.0,0,0,0,0.0,0,0.0,1.1,0.0
Isaiah McKenzie,WR,4,1,3,6,6.0,0,0,0,0.0,0,0.0,1.1,0.0
Marquez Valdes-Scantling,WR,4,1,2,6,6.0,0,0,0,0.0,0,0.0,1.1,0.0
Elijah Moore,WR,4,2,4,20,10.0,0,1,-20,-20.0,0,0.0,1.0,0.0
Cedric Tillman,WR,4,1,3,5,5.0,0,0,0,0.0,0,0.0,1.0,0.0
Velus Jones Jr.,WR,4,0,0,0,0.0,0,1,10,10.0,0,0.0,1.0,0.0
Justin Watson,WR,4,1,1,5,5.0,0,0,0,0.0,0,0.0,1.0,0.0
Chris Olave,WR,4,1,6,4,4.0,0,0,0,0.0,0,0.0,0.9,0.0
Nelson Agholor,WR,4,1,2,4,4.0,0,0,0,0.0,0,0.0,0.9,0.0
Rakim Jarrett,WR,4,1,1,3,3.0,0,0,0,0.0,0,0.0,0.8,0.0
Deebo Samuel,WR,4,0,0,0,0.0,0,3,6,2.0,0,0.0,0.6,0.0
Marquise Goodwin,WR,4,1,1,0,0.0,0,0,0,0.0,0,0.0,0.5,0.0
Tim Jones,WR,4,1,1,-1,-1.0,0,0,0,0.0,0,0.0,0.4,0.0
Christian McCaffrey,RB,4,7,8,71,10.1,1,20,106,5.3,3,0.0,45.2,0.0
David Montgomery,RB,4,2,2,20,10.0,0,32,121,3.8,3,0.0,33.1,0.0
Kyren Williams,RB,4,3,3,24,8.0,0,25,103,4.1,2,0.0,26.2,0.0
De'Von Achane,RB,4,3,5,19,6.3,0,8,101,12.6,2,0.0,25.5,0.0
Josh Jacobs,RB,4,8,11,81,10.1,0,17,58,3.4,1,0.0,23.9,0.0
Derrick Henry,RB,4,1,1,11,11.0,0,22,122,5.5,1,0.0,23.9,0.0
Isiah Pacheco,RB,4,3,3,43,14.3,0,20,115,5.8,1,0.0,23.3,0.0
Khalil Herbert,RB,4,4,5,19,4.8,1,18,103,5.7,0,0.0,20.2,0.0
Jaleel McLaughlin,RB,4,3,3,32,10.7,1,7,72,10.3,0,0.0,17.9,0.0
Bijan Robinson,RB,4,5,5,32,6.4,0,14,105,7.5,0,0.0,16.2,0.0
D'Andre Swift,RB,4,4,4,23,5.8,0,14,56,4.0,1,0.0,15.9,0.0
Alvin Kamara,RB,4,13,14,33,2.5,0,11,51,4.6,0,0.0,14.9,0.0
James Cook,RB,4,1,1,48,48.0,0,12,29,2.4,1,0.0,14.2,0.0
Kenneth Walker III,RB,4,0,0,0,0.0,0,17,79,4.6,1,0.0,13.9,0.0
Brian Robinson Jr.,RB,4,2,2,6,3.0,0,14,45,3.2,1,0.0,12.1,0.0
Dameon Pierce,RB,4,1,2,27,27.0,0,24,81,3.4,0,0.0,11.3,0.0
Najee Harris,RB,4,1,2,32,32.0,0,14,71,5.1,0,0.0,10.8,0.0
Matt Breida,RB,4,5,5,48,9.6,0,14,30,2.1,0,0.0,10.3,0.0
Alexander Mattison,RB,4,1,1,3,3.0,0,17,95,5.6,0,0.0,10.3,0.0
Rachaad White,RB,4,3,3,22,7.3,0,15,56,3.7,0,0.0,9.3,0.0
Zack Moss,RB,4,0,1,0,0.0,0,18,70,3.9,0,0.0,9.0,0.0
Travis Etienne Jr.,RB,4,3,3,17,5.7,0,20,55,2.8,0,0.0,8.7,0.0
Jaylen Warren,RB,4,6,6,26,4.3,0,8,29,3.6,0,0.0,8.5,0.0
Breece Hall,RB,4,3,4,13,4.3,0,6,56,9.3,0,0.0,8.4,0.0
Devin Singletary,RB,4,1,1,11,11.0,0,7,25,3.6,0,0.0,8.3,0.0
Joe Mixon,RB,4,1,1,9,9.0,0,14,67,4.8,0,0.0,8.1,0.0
Tony Pollard,RB,4,3,3,13,4.3,0,11,47,4.3,0,0.0,7.5,0.0
Tyjae Spears,RB,4,3,4,18,6.0,0,5,40,8.0,0,0.0,7.3,0.0
Jahmyr Gibbs,RB,4,4,5,11,2.8,0,8,40,5.0,0,0.0,7.1,0.0
Jerome Ford,RB,4,5,6,19,3.8,0,9,26,2.9,0,0.0,7.0,0.0
Ronnie Rivers,RB,4,2,2,10,5.0,0,9,47,5.2,0,0.0,6.7,0.0
Latavius Murray,RB,4,2,2,24,12.0,0,4,32,8.0,0,0.0,6.6,0.0
Joshua Kelley,RB,4,0,0,0,0.0,0,17,65,3.8,0,0.0,6.5,0.0
Hunter Luepke,RB,4,0,0,0,0.0,0,2,4,2.0,1,0.0,6.4,0.0
Chuba Hubbard,RB,4,2,2,12,6.0,0,14,41,2.9,0,0.0,6.3,0.0
Cam Akers,RB,4,2,2,11,5.5,0,5,40,8.0,0,0.0,6.1,0.0
James Conner,RB,4,1,2,4,4.0,0,11,52,4.7,0,0.0,6.1,0.0
Gus Edwards,RB,4,2,3,1,0.5,0,15,48,3.2,0,0.0,5.9,0.0
Kenneth Gainwell,RB,4,2,2,7,3.5,0,4,14,3.5,0,0.0,5.1,0.0
Rhamondre Stevenson,RB,4,2,3,10,5.0,0,14,30,2.1,0,0.0,5.0,0.0
Melvin Gordon III,RB,4,1,1,23,23.0,0,3,21,7.0,0,0.0,4.9,0.0
Pierre Strong Jr.,RB,4,0,0,0,0.0,0,5,49,9.8,0,0.0,4.9,0.0
Miles Sanders,RB,4,3,3,13,4.3,0,13,19,1.5,0,0.0,4.7,0.0
Zach Charbonnet,RB,4,1,3,9,9.0,0,5,31,6.2,0,0.0,4.5,0.0
Samaje Perine,RB,4,2,2,23,11.5,0,6,12,2.0,0,0.0,4.5,0.0
Raheem Mostert,RB,4,3,5,36,12.0,0,7,9,1.3,0,0.0,4.0,0.0
Emari Demercado,RB,4,3,4,21,7.0,0,1,3,3.0,0,0.0,3.9,0.0
Isaiah Spiller,RB,4,2,2,15,7.5,0,5,12,2.4,0,0.0,3.7,0.0
Justice Hill,RB,4,0,0,0,0.0,0,3,33,11.0,0,0.0,3.3,0.0
Ezekiel Elliott,RB,4,2,3,6,3.0,0,6,16,2.7,0,0.0,3.2,0.0
Antonio Gibson,RB,4,1,1,7,7.0,0,6,19,3.2,0,0.0,3.1,0.0
Michael Carter,RB,4,2,3,12,6.0,0,1,9,9.0,0,0.0,3.1,0.0
Damien Harris,RB,4,0,0,0,0.0,0,6,29,4.8,0,0.0,2.9,0.0
Jordan Mason,RB,4,1,1,13,13.0,0,3,10,3.3,0,0.0,2.8,0.0
Alec Ingold,RB,4,1,1,23,23.0,0,0,0,0.0,0,0.0,2.8,0.0
Ameer Abdullah,RB,4,2,2,14,7.0,0,0,0,0.0,0,0.0,2.4,0.0
Ke'Shawn Vaughn,RB,4,1,1,3,3.0,0,9,16,1.8,0,0.0,2.4,0.0
Javonte Williams,RB,4,3,3,9,3.0,0,2,0,0.0,0,0.0,2.4,0.0
Gary Brightwell,RB,4,1,2,10,10.0,0,4,9,2.3,0,0.0,2.4,0.0
Dalvin Cook,RB,4,1,1,2,2.0,0,5,16,3.2,0,0.0,2.3,0.0
Rico Dowdle,RB,4,1,1,8,8.0,0,3,9,3.0,0,0.0,2.2,0.0
Roschon Johnson,RB,4,1,1,2,2.0,0,5,13,2.6,0,0.0,2.0,0.0
Patrick Ricard,RB,4,1,1,14,14.0,0,0,0,0.0,0,0.0,1.9,0.0
Aaron Jones,RB,4,1,2,-4,-4.0,0,5,18,3.6,0,0.0,1.9,0.0
Clyde Edwards-Helaire,RB,4,1,1,1,1.0,0,3,12,4.0,0,0.0,1.8,0.0
Tyler Allgeier,RB,4,1,2,-4,-4.0,0,7,16,2.3,0,0.0,1.7,0.0
Jakob Johnson,RB,4,1,2,12,12.0,0,0,0,0.0,0,0.0,1.7,0.0
Deuce Vaughn,RB,4,1,1,2,2.0,0,8,9,1.1,0,0.0,1.6,0.0
Zamir White,RB,4,0,0,0,0.0,0,3,15,5.0,0,0.0,1.5,0.0
Kendre Miller,RB,4,1,1,5,5.0,0,1,3,3.0,0,0.0,1.3,0.0
Kareem Hunt,RB,4,0,0,0,0.0,0,5,12,2.4,0,0.0,1.2,0.0
Kyle Juszczyk,RB,4,1,1,4,4.0,0,2,3,1.5,0,0.0,1.2,0.0
AJ Dillon,RB,4,0,1,0,0.0,0,5,11,2.2,0,0.0,1.1,0.0
Tank Bigsby,RB,4,0,0,0,0.0,0,3,10,3.3,0,0.0,1.0,0.0
Trey Sermon,RB,4,0,0,0,0.0,0,3,7,2.3,0,0.0,0.7,0.0
Jerick McKinnon,RB,4,0,1,0,0.0,0,3,7,2.3,0,0.0,0.7,0.0
Mike Boone,RB,4,0,0,0,0.0,0,1,4,4.0,0,0.0,0.4,0.0
Trayveon Williams,RB,4,0,0,0,0.0,0,1,4,4.0,0,0.0,0.4,0.0
Chase Brown,RB,4,1,1,-3,-3.0,0,0,0,0.0,0,0.0,0.2,0.0
Cole Kmet,TE,4,7,9,85,12.1,2,1,1,1.0,0,0.0,24.1,0.0
Mark Andrews,TE,4,5,5,80,16.0,2,0,0,0.0,0,0.0,22.5,0.0
Jonnu Smith,TE,4,6,6,95,15.8,0,0,0,0.0,0,0.0,12.5,0.0
Andrew Ogletree,TE,4,3,4,48,16.0,1,0,0,0.0,0,0.0,12.3,0.0
Dalton Schultz,TE,4,3,3,42,14.0,1,0,0,0.0,0,0.0,11.7,0.0
Jake Ferguson,TE,4,7,7,77,11.0,0,0,0,0.0,0,0.0,11.2,0.0
Mo Alie-Cox,TE,4,1,1,35,35.0,1,0,0,0.0,0,0.0,10.0,0.0
Noah Gray,TE,4,1,3,34,34.0,1,0,0,0.0,0,0.0,9.9,0.0
Josh Whyle,TE,4,2,2,26,13.0,1,0,0,0.0,0,0.0,9.6,0.0
Evan Engram,TE,4,7,8,59,8.4,0,0,0,0.0,0,0.0,9.4,0.0
Travis Kelce,TE,4,6,9,60,10.0,0,0,0,0.0,0,0.0,9.0,0.0
Tyler Higbee,TE,4,5,11,64,12.8,0,0,0,0.0,0,0.0,8.9,0.0
Cade Otton,TE,4,3,4,13,4.3,1,0,0,0.0,0,0.0,8.8,0.0
Zach Ertz,TE,4,6,10,53,8.8,0,0,0,0.0,0,0.0,8.3,0.0
Tyler Conklin,TE,4,4,6,58,14.5,0,0,0,0.0,0,0.0,7.8,0.0
Sam LaPorta,TE,4,4,5,56,14.0,0,0,0,0.0,0,0.0,7.6,0.0
David Njoku,TE,4,6,7,46,7.7,0,0,0,0.0,0,0.0,7.6,0.0
Noah Fant,TE,4,2,2,63,31.5,0,0,0,0.0,0,0.0,7.3,0.0
Hunter Henry,TE,4,4,5,51,12.8,0,0,0,0.0,0,0.0,7.1,0.0
C.J. Uzomah,TE,4,1,1,1,1.0,1,0,0,0.0,0,0.0,6.6,0.0
Durham Smythe,TE,4,4,4,41,10.3,0,0,0,0.0,0,0.0,6.1,0.0
Logan Thomas,TE,4,3,3,41,13.7,0,1,2,2.0,0,0.0,5.8,0.0
Josiah Deguara,TE,4,4,4,34,8.5,0,0,0,0.0,0,0.0,5.4,0.0
Dalton Kincaid,TE,4,4,5,27,6.8,0,0,0,0.0,0,0.0,4.7,0.0
Chigoziem Okonkwo,TE,4,3,3,29,9.7,0,0,0,0.0,0,0.0,4.4,0.0
Jeremy Ruckert,TE,4,2,2,26,13.0,0,0,0,0.0,0,0.0,3.6,0.0
Darren Waller,TE,4,3,3,21,7.0,0,0,0,0.0,0,0.0,3.6,0.0
Dallas Goedert,TE,4,2,4,25,12.5,0,0,0,0.0,0,0.0,3.5,0.0
Kylen Granson,TE,4,2,5,24,12.0,0,0,0,0.0,0,0.0,3.4,0.0
T.J. Hockenson,TE,4,2,3,24,12.0,0,0,0,0.0,0,0.0,3.4,0.0
Kyle Pitts,TE,4,2,4,21,10.5,0,0,0,0.0,0,0.0,3.1,0.0
Robert Tonyan,TE,4,2,2,18,9.0,0,0,0,0.0,0,0.0,2.8,0.0
Tanner Hudson,TE,4,2,2,18,9.0,0,0,0,0.0,0,0.0,2.8,0.0
Taysom Hill,TE,4,1,1,7,7.0,0,4,10,2.5,0,0.0,2.7,0.0
Pat Freiermuth,TE,4,3,4,7,2.3,0,0,0,0.0,0,0.0,2.2,0.0
Luke Farrell,TE,4,2,2,10,5.0,0,0,0,0.0,0,0.0,2.0,0.0
Gerald Everett,TE,4,2,2,9,4.5,0,0,0,0.0,0,0.0,1.9,0.0
Nate Adkins,TE,4,2,2,8,4.0,0,0,0,0.0,0,0.0,1.8,0.0
Dawson Knox,TE,4,1,1,12,12.0,0,0,0,0.0,0,0.0,1.7,0.0
Mike Gesicki,TE,4,1,3,12,12.0,0,0,0,0.0,0,0.0,1.7,0.0
Austin Hooper,TE,4,1,2,11,11.0,0,0,0,0.0,0,0.0,1.6,0.0
Darnell Washington,TE,4,1,1,10,10.0,0,0,0,0.0,0,0.0,1.5,0.0
Tucker Kraft,TE,4,2,2,5,2.5,0,0,0,0.0,0,0.0,1.5,0.0
Chris Manhertz,TE,4,1,1,10,10.0,0,0,0,0.0,0,0.0,1.5,0.0
George Kittle,TE,4,1,1,9,9.0,0,0,0,0.0,0,0.0,1.4,0.0
Marcedes Lewis,TE,4,1,1,8,8.0,0,0,0,0.0,0,0.0,1.3,0.0
Hayden Hurst,TE,4,1,3,7,7.0,0,0,0,0.0,0,0.0,1.2,0.0
Mitchell Wilcox,TE,4,1,1,7,7.0,0,0,0,0.0,0,0.0,1.2,0.0
John Bates,TE,4,1,1,6,6.0,0,0,0,0.0,0,0.0,1.1,0.0
Daniel Bellinger,TE,4,1,1,6,6.0,0,0,0,0.0,0,0.0,1.1,0.0
Jordan Akins,TE,4,1,2,6,6.0,0,0,0,0.0,0,0.0,1.1,0.0
Trey McBride,TE,4,1,1,5,5.0,0,0,0,0.0,0,0.0,1.0,0.0
Brycen Hopkins,TE,4,1,1,5,5.0,0,0,0,0.0,0,0.0,1.0,0.0
Harrison Bryant,TE,4,1,1,2,2.0,0,1,2,2.0,0,0.0,0.9,0.0
Luke Musgrave,TE,4,1,1,1,1.0,0,0,0,0.0,0,0.0,0.6,0.0
Drew Sample,TE,4,1,1,-1,-1.0,0,0,0,0.0,0,0.0,0.4,0.0
DJ Moore,WR,5,8,10,230,28.8,3,0,0,0.0,0,0.0,45.0,0.0
Ja'Marr Chase,WR,5,15,19,192,12.8,3,0,0,0.0,0,0.0,44.7,0.0
Tyreek Hill,WR,5,8,9,181,22.6,1,0,0,0.0,0,0.0,28.1,0.0
George Pickens,WR,5,6,10,130,21.7,1,1,16,16.0,0,0.0,23.6,0.0
Adam Thielen,WR,5,11,13,107,9.7,1,0,0,0.0,0,0.0,22.2,0.0
Stefon Diggs,WR,5,8,11,121,15.1,1,0,0,0.0,0,0.0,20.1,0.0
Gabe Davis,WR,5,6,8,100,16.7,1,0,0,0.0,0,0.0,19.0,0.0
DeAndre Hopkins,WR,5,8,11,140,17.5,0,0,0,0.0,0,0.0,18.0,0.0
Calvin Ridley,WR,5,7,8,122,17.4,0,2,14,7.0,0,0.0,17.1,0.0
Jakobi Meyers,WR,5,7,10,75,10.7,1,1,0,0.0,0,0.0,17.0,0.0
Puka Nacua,WR,5,7,11,71,10.1,1,0,0,0.0,0,0.0,16.6,0.0
Cooper Kupp,WR,5,8,12,118,14.8,0,0,0,0.0,0,0.0,15.8,0.0
A.J. Brown,WR,5,6,8,127,21.2,0,0,0,0.0,0,0.0,15.7,0.0
Josh Reynolds,WR,5,4,5,76,19.0,1,0,0,0.0,0,0.0,15.6,0.0
Curtis Samuel,WR,5,6,7,65,10.8,1,0,0,0.0,0,0.0,15.5,0.0
Jordan Addison,WR,5,6,9,64,10.7,1,0,0,0.0,0,0.0,15.4,0.0
Marquise Brown,WR,5,4,10,61,15.3,1,0,0,0.0,0,0.0,14.1,0.0
Josh Downs,WR,5,6,6,97,16.2,0,0,0,0.0,0,0.0,12.7,0.0
Jaylen Waddle,WR,5,5,10,35,7.0,1,0,0,0.0,0,0.0,12.0,0.0
DJ Chark Jr.,WR,5,3,6,42,14.0,1,0,0,0.0,0,0.0,11.7,0.0
Drake London,WR,5,6,9,78,13.0,0,0,0,0.0,0,0.0,11.7,0.0
Christian Kirk,WR,5,6,8,78,13.0,0,1,6,6.0,0,0.0,11.4,0.0
Rashee Rice,WR,5,4,5,33,8.3,1,0,0,0.0,0,0.0,11.3,0.0
Christian Watson,WR,5,3,7,91,30.3,0,1,-5,-5.0,0,0.0,10.1,0.0
Trenton Irwin,WR,5,8,10,60,7.5,0,0,0,0.0,0,0.0,10.0,0.0
Deebo Samuel,WR,5,3,3,55,18.3,0,5,30,6.0,0,0.0,10.0,0.0
Zay Flowers,WR,5,5,11,73,14.6,0,0,0,0.0,0,0.0,9.8,0.0
Zay Jones,WR,5,3,5,23,7.7,1,0,0,0.0,0,0.0,9.8,0.0
KaVontae Turpin,WR,5,1,1,26,26.0,1,0,0,0.0,0,0.0,9.1,0.0
Rondale Moore,WR,5,3,5,26,8.7,0,3,50,16.7,0,0.0,9.1,0.0
Michael Thomas,WR,5,4,7,65,16.3,0,0,0,0.0,0,0.0,8.5,0.0
Nelson Agholor,WR,5,4,5,64,16.0,0,0,0,0.0,0,0.0,8.4,0.0
Chris Olave,WR,5,2,5,12,6.0,1,0,0,0.0,0,0.0,8.2,0.0
Jerry Jeudy,WR,5,6,7,50,8.3,0,0,0,0.0,0,0.0,8.0,0.0
Tutu Atwell,WR,5,2,5,9,4.5,1,0,0,0.0,0,0.0,7.9,0.0
Brandon Aiyuk,WR,5,4,7,58,14.5,0,0,0,0.0,0,0.0,7.8,0.0
Michael Pittman Jr.,WR,5,5,7,52,10.4,0,0,0,0.0,0,0.0,7.7,0.0
K.J. Osborn,WR,5,5,9,49,9.8,0,0,0,0.0,0,0.0,7.4,0.0
Jonathan Mingo,WR,5,5,7,48,9.6,0,0,0,0.0,0,0.0,7.3,0.0
Deonte Harty,WR,5,2,2,62,31.0,0,0,0,0.0,0,0.0,7.2,0.0
Cedrick Wilson Jr.,WR,5,4,4,52,13.0,0,0,0,0.0,0,0.0,7.2,0.0
Brandon Powell,WR,5,4,6,43,10.8,0,1,9,9.0,0,0.0,7.2,0.0
Garrett Wilson,WR,5,3,7,54,18.0,0,0,0,0.0,0,0.0,6.9,0.0
Tyler Boyd,WR,5,6,7,39,6.5,0,0,0,0.0,0,0.0,6.9,0.0
Terry McLaurin,WR,5,4,5,49,12.3,0,0,0,0.0,0,0.0,6.9,0.0
CeeDee Lamb,WR,5,4,5,49,12.3,0,0,0,0.0,0,0.0,6.9,0.0
Tank Dell,WR,5,3,4,57,19.0,0,2,-4,-2.0,0,0.0,6.8,0.0
Justin Watson,WR,5,2,3,56,28.0,0,0,0,0.0,0,0.0,6.6,0.0
Davante Adams,WR,5,4,4,45,11.3,0,0,0,0.0,0,0.0,6.5,0.0
Kalif Raymond,WR,5,3,3,45,15.0,0,0,0,0.0,0,0.0,6.0,0.0
Nico Collins,WR,5,3,4,39,13.0,0,0,0,0.0,0,0.0,5.4,0.0
Allen Robinson II,WR,5,5,9,29,5.8,0,0,0,0.0,0,0.0,5.4,0.0
Kendrick Bourne,WR,5,2,5,43,21.5,0,0,0,0.0,0,0.0,5.3,0.0
Kadarius Toney,WR,5,5,6,26,5.2,0,1,1,1.0,0,0.0,5.2,0.0
Allen Lazard,WR,5,3,4,33,11.0,0,0,0,0.0,0,0.0,4.8,0.0
Robert Woods,WR,5,3,9,30,10.0,0,0,0,0.0,0,0.0,4.5,0.0
Jahan Dotson,WR,5,3,5,30,10.0,0,0,0,0.0,0,0.0,4.5,0.0
Darius Slayton,WR,5,2,4,35,17.5,0,0,0,0.0,0,0.0,4.5,0.0
Wan'Dale Robinson,WR,5,5,6,18,3.6,0,1,1,1.0,0,0.0,4.4,0.0
Justin Jefferson,WR,5,3,6,28,9.3,0,0,0,0.0,0,0.0,4.3,0.0
Mack Hollins,WR,5,2,2,29,14.5,0,0,0,0.0,0,0.0,3.9,0.0
Justyn Ross,WR,5,2,4,28,14.0,0,0,0,0.0,0,0.0,3.8,0.0
Rashid Shaheed,WR,5,2,2,28,14.0,0,0,0,0.0,0,0.0,3.8,0.0
Parris Campbell,WR,5,2,2,23,11.5,0,0,0,0.0,0,0.0,3.3,0.0
Marvin Jones Jr.,WR,5,2,2,22,11.0,0,0,0,0.0,0,0.0,3.2,0.0
Jamison Crowder,WR,5,2,2,21,10.5,0,0,0,0.0,0,0.0,3.1,0.0
DeVante Parker,WR,5,2,4,20,10.0,0,0,0,0.0,0,0.0,3.0,0.0
John Metchie III,WR,5,2,2,20,10.0,0,0,0,0.0,0,0.0,3.0,0.0
Demario Douglas,WR,5,1,2,24,24.0,0,0,0,0.0,0,0.0,2.9,0.0
Isaiah Hodgins,WR,5,2,2,19,9.5,0,0,0,0.0,0,0.0,2.9,0.0
Laviska Shenault Jr.,WR,5,0,0,0,0.0,0,5,27,5.4,0,0.0,2.7,0.0
Michael Gallup,WR,5,2,5,15,7.5,0,0,0,0.0,0,0.0,2.5,0.0
Jauan Jennings,WR,5,1,1,19,19.0,0,0,0,0.0,0,0.0,2.4,0.0
Michael Wilson,WR,5,1,2,18,18.0,0,0,0,0.0,0,0.0,2.3,0.0
Braxton Berrios,WR,5,2,2,13,6.5,0,0,0,0.0,0,0.0,2.3,0.0
Odell Beckham Jr.,WR,5,2,4,13,6.5,0,0,0,0.0,0,0.0,2.3,0.0
JuJu Smith-Schuster,WR,5,3,4,6,2.0,0,0,0,0.0,0,0.0,2.1,0.0
Skyy Moore,WR,5,2,2,11,5.5,0,0,0,0.0,0,0.0,2.1,0.0
Scott Miller,WR,5,2,2,10,5.0,0,0,0,0.0,0,0.0,2.0,0.0
Courtland Sutton,WR,5,1,3,13,13.0,0,0,0,0.0,0,0.0,1.8,0.0
Sterling Shepard,WR,5,1,2,13,13.0,0,0,0,0.0,0,0.0,1.8,0.0
Brandin Cooks,WR,5,1,4,7,7.0,0,1,6,6.0,0,0.0,1.8,0.0
Marquez Valdes-Scantling,WR,5,1,2,12,12.0,0,0,0,0.0,0,0.0,1.7,0.0
KhaDarel Hodge,WR,5,1,1,11,11.0,0,1,0,0.0,0,0.0,1.6,0.0
Khalil Shakir,WR,5,1,1,11,11.0,0,0,0,0.0,0,0.0,1.6,0.0
Dyami Brown,WR,5,1,3,11,11.0,0,0,0,0.0,0,0.0,1.6,0.0
Tre Tucker,WR,5,0,1,0,0.0,0,1,16,16.0,0,0.0,1.6,0.0
Alec Pierce,WR,5,1,2,10,10.0,0,0,0,0.0,0,0.0,1.5,0.0
Dontayvion Wicks,WR,5,1,1,10,10.0,0,0,0,0.0,0,0.0,1.5,0.0
Byron Pringle,WR,5,1,2,10,10.0,0,0,0,0.0,0,0.0,1.5,0.0
Brandon Johnson,WR,5,1,1,9,9.0,0,0,0,0.0,0,0.0,1.4,0.0
Andrei Iosivas,WR,5,1,2,9,9.0,0,0,0,0.0,0,0.0,1.4,0.0
Quez Watkins,WR,5,2,3,4,2.0,0,0,0,0.0,0,0.0,1.4,0.0
Nick Westbrook-Ikhine,WR,5,1,3,9,9.0,0,0,0,0.0,0,0.0,1.4,0.0
Rashod Bateman,WR,5,1,3,8,8.0,0,0,0,0.0,0,0.0,1.3,0.0
Jayden Reed,WR,5,1,2,7,7.0,0,0,0,0.0,0,0.0,1.2,0.0
Jameson Williams,WR,5,2,3,2,1.0,0,0,0,0.0,0,0.0,1.2,0.0
Hunter Renfrow,WR,5,1,2,7,7.0,0,0,0,0.0,0,0.0,1.2,0.0
DeVonta Smith,WR,5,1,5,6,6.0,0,0,0,0.0,0,0.0,1.1,0.0
Romeo Doubs,WR,5,1,4,4,4.0,0,0,0,0.0,0,0.0,0.9,0.0
Trent Sherfield,WR,5,1,1,3,3.0,0,0,0,0.0,0,0.0,0.8,0.0
Kwamie Lassiter II,WR,5,1,1,2,2.0,0,0,0,0.0,0,0.0,0.7,0.0
Ray-Ray McCloud III,WR,5,1,1,1,1.0,0,0,0,0.0,0,0.0,0.6,0.0
Keith Kirkwood,WR,5,1,1,1,1.0,0,0,0,0.0,0,0.0,0.6,0.0
Isaiah McKenzie,WR,5,0,0,0,0.0,0,1,4,4.0,0,0.0,0.4,0.0
DeAndre Carter,WR,5,0,1,0,0.0,0,2,3,1.5,0,0.0,0.3,0.0
Jamal Agnew,WR,5,0,0,0,0.0,0,1,1,1.0,0,0.0,0.1,0.0
Travis Etienne Jr.,RB,5,4,5,48,12.0,0,26,136,5.2,2,0.0,34.4,0.0
Zack Moss,RB,5,2,2,30,15.0,0,23,165,7.2,2,0.0,32.5,0.0
Breece Hall,RB,5,3,3,17,5.7,0,22,177,8.0,1,0.0,26.9,0.0
De'Von Achane,RB,5,1,1,14,14.0,0,11,151,13.7,1,0.0,21.0,0.0
David Montgomery,RB,5,2,6,20,10.0,0,19,109,5.7,1,0.0,19.9,0.0
Josh Jacobs,RB,5,5,5,20,4.0,0,20,69,3.5,1,0.0,17.4,0.0
Alvin Kamara,RB,5,3,3,17,5.7,0,22,80,3.6,1,0.0,17.2,0.0
Jaleel McLaughlin,RB,5,3,4,21,7.0,1,9,68,7.6,0,0.0,16.4,0.0
Tyjae Spears,RB,5,4,5,35,8.8,0,7,34,4.9,1,0.0,14.9,0.0
Raheem Mostert,RB,5,2,2,13,6.5,0,10,65,6.5,1,0.0,14.8,0.0
D'Andre Swift,RB,5,6,6,38,6.3,0,17,70,4.1,0,0.0,13.8,0.0
AJ Dillon,RB,5,0,1,0,0.0,0,20,76,3.8,1,0.0,13.6,0.0
Isiah Pacheco,RB,5,1,1,9,9.0,0,16,55,3.4,1,0.0,12.9,0.0
Jordan Mason,RB,5,0,1,0,0.0,0,10,69,6.9,1,0.0,12.9,0.0
Christian McCaffrey,RB,5,2,3,27,13.5,0,19,51,2.7,1,0.0,12.8,0.0
Emari Demercado,RB,5,1,3,12,12.0,0,10,45,4.5,1,0.0,12.2,0.0
Alexander Mattison,RB,5,2,3,20,10.0,1,8,26,3.3,0,0.0,11.6,0.0
Joe Mixon,RB,5,4,4,13,3.3,0,25,81,3.2,0,0.0,11.4,0.0
Craig Reynolds,RB,5,0,0,0,0.0,0,7,52,7.4,1,0.0,11.2,0.0
Kendre Miller,RB,5,4,4,53,13.3,0,12,37,3.1,0,0.0,11.0,0.0
Bijan Robinson,RB,5,2,2,12,6.0,1,14,46,3.3,0,0.0,10.8,0.0
Kyle Juszczyk,RB,5,4,4,26,6.5,1,0,0,0.0,0,0.0,10.6,0.0
Justice Hill,RB,5,4,4,13,3.3,0,7,32,4.6,1,0.0,10.5,0.0
Samaje Perine,RB,5,4,5,73,18.3,0,6,22,3.7,0,0.0,9.5,0.0
Jaylen Warren,RB,5,3,3,39,13.0,0,9,40,4.4,0,0.0,9.4,0.0
Dameon Pierce,RB,5,1,1,16,16.0,0,20,66,3.3,0,0.0,8.7,0.0
Antonio Gibson,RB,5,4,6,64,16.0,0,0,0,0.0,0,0.0,8.4,0.0
Derrick Henry,RB,5,3,3,19,6.3,0,13,43,3.3,0,0.0,7.7,0.0
Khalil Herbert,RB,5,0,3,0,0.0,0,10,76,7.6,0,0.0,7.6,0.0
Kyren Williams,RB,5,2,2,4,2.0,0,13,53,4.1,0,0.0,6.7,0.0
Tony Pollard,RB,5,4,5,35,8.8,0,8,29,3.6,0,0.0,6.4,0.0
Brian Robinson Jr.,RB,5,4,4,33,8.3,0,6,10,1.7,0,0.0,6.3,0.0
Tyler Allgeier,RB,5,0,1,0,0.0,0,17,40,2.4,0,0.0,6.0,0.0
Ezekiel Elliott,RB,5,4,4,17,4.3,0,8,21,2.6,0,0.0,5.8,0.0
Gus Edwards,RB,5,0,0,0,0.0,0,12,48,4.0,0,0.0,4.8,0.0
James Conner,RB,5,0,0,0,0.0,0,6,46,7.7,0,0.0,4.6,0.0
Najee Harris,RB,5,1,1,3,3.0,0,14,37,2.6,0,0.0,4.5,0.0
Chuba Hubbard,RB,5,1,2,0,0.0,0,9,35,3.9,0,0.0,4.0,0.0
Jonathan Taylor,RB,5,1,1,16,16.0,0,6,18,3.0,0,0.0,3.9,0.0
Michael Carter,RB,5,3,3,14,4.7,0,1,8,8.0,0,0.0,3.7,0.0
James Cook,RB,5,3,4,25,8.3,0,5,-4,-0.8,0,0.0,3.6,0.0
Jerick McKinnon,RB,5,2,3,18,9.0,0,1,7,7.0,0,0.0,3.5,0.0
Keith Smith,RB,5,1,1,28,28.0,0,0,0,0.0,0,0.0,3.3,0.0
Eric Gray,RB,5,1,1,1,1.0,0,12,25,2.1,0,0.0,3.1,0.0
Matt Breida,RB,5,1,1,3,3.0,0,9,21,2.3,0,0.0,2.9,0.0
Kenneth Gainwell,RB,5,1,2,7,7.0,0,7,17,2.4,0,0.0,2.9,0.0
Cam Akers,RB,5,2,2,3,1.5,0,5,15,3.0,0,0.0,2.8,0.0
Khari Blasingame,RB,5,0,0,0,0.0,0,8,26,3.3,0,0.0,2.6,0.0
Rhamondre Stevenson,RB,5,0,2,0,0.0,0,8,24,3.0,0,0.0,2.4,0.0
Dalvin Cook,RB,5,0,0,0,0.0,0,6,23,3.8,0,0.0,2.3,0.0
Tyrion Davis-Price,RB,5,0,0,0,0.0,0,6,21,3.5,0,0.0,2.1,0.0
Ameer Abdullah,RB,5,1,1,11,11.0,0,1,4,4.0,0,0.0,2.0,0.0
Michael Burton,RB,5,0,0,0,0.0,0,0,0,0.0,0,0.0,2.0,0.0
Roschon Johnson,RB,5,0,0,0,0.0,0,3,19,6.3,0,0.0,1.9,0.0
Patrick Taylor Jr.,RB,5,2,5,5,2.5,0,2,2,1.0,0,0.0,1.7,0.0
Rico Dowdle,RB,5,0,1,0,0.0,0,5,15,3.0,0,0.0,1.5,0.0
Ty Chandler,RB,5,0,0,0,0.0,0,1,15,15.0,0,0.0,1.5,0.0
Zonovan Knight,RB,5,1,1,8,8.0,0,0,0,0.0,0,0.0,1.3,0.0
Damien Harris,RB,5,0,0,0,0.0,0,3,13,4.3,0,0.0,1.3,0.0
Deuce Vaughn,RB,5,1,1,1,1.0,0,3,7,2.3,0,0.0,1.3,0.0
Latavius Murray,RB,5,1,1,1,1.0,0,2,6,3.0,0,0.0,1.2,0.0
Cordarrelle Patterson,RB,5,1,1,7,7.0,0,0,0,0.0,0,0.0,1.2,0.0
Miles Sanders,RB,5,0,1,0,0.0,0,7,32,4.6,0,0.0,1.2,0.0
Ty Montgomery II,RB,5,1,4,5,5.0,0,1,0,0.0,0,0.0,1.0,0.0
Tank Bigsby,RB,5,0,0,0,0.0,0,3,8,2.7,0,0.0,0.8,0.0
Chase Brown,RB,5,1,1,2,2.0,0,0,0,0.0,0,0.0,0.7,0.0
Trayveon Williams,RB,5,0,0,0,0.0,0,1,5,5.0,0,0.0,0.5,0.0
Clyde Edwards-Helaire,RB,5,0,0,0,0.0,0,3,4,1.3,0,0.0,0.4,0.0
Ronnie Rivers,RB,5,0,0,0,0.0,0,1,1,1.0,0,0.0,0.1,0.0
George Kittle,TE,5,3,4,67,22.3,3,0,0,0.0,0,0.0,26.2,0.0
Dallas Goedert,TE,5,8,9,117,14.6,1,0,0,0.0,0,0.0,21.7,0.0
Sam LaPorta,TE,5,3,4,47,15.7,2,0,0,0.0,0,0.0,18.2,0.0
Travis Kelce,TE,5,10,11,67,6.7,1,0,0,0.0,0,0.0,17.7,0.0
Logan Thomas,TE,5,9,11,77,8.6,1,0,0,0.0,0,0.0,16.2,0.0
Dalton Schultz,TE,5,7,10,65,9.3,1,0,0,0.0,0,0.0,16.0,0.0
Cole Kmet,TE,5,5,5,42,8.4,1,0,0,0.0,0,0.0,12.7,0.0
Darren Waller,TE,5,8,11,86,10.8,0,0,0,0.0,0,0.0,12.6,0.0
Kyle Pitts,TE,5,7,11,87,12.4,0,0,0,0.0,0,0.0,12.2,0.0
Adam Trautman,TE,5,4,5,26,6.5,1,0,0,0.0,0,0.0,10.6,0.0
Mark Andrews,TE,5,6,10,65,10.8,0,0,0,0.0,0,0.0,9.5,0.0
Tyler Conklin,TE,5,4,5,67,16.8,0,0,0,0.0,0,0.0,8.7,0.0
Zach Ertz,TE,5,2,4,10,5.0,1,0,0,0.0,0,0.0,8.0,0.0
Jonnu Smith,TE,5,6,7,67,11.2,0,0,0,0.0,0,0.0,7.7,0.0
T.J. Hockenson,TE,5,5,8,51,10.2,0,0,0,0.0,0,0.0,7.6,0.0
Foster Moreau,TE,5,1,1,6,6.0,1,0,0,0.0,0,0.0,7.1,0.0
Tommy Tremble,TE,5,1,1,1,1.0,1,0,0,0.0,0,0.0,6.6,0.0
Luke Musgrave,TE,5,6,7,34,5.7,0,0,0,0.0,0,0.0,6.4,0.0
Chigoziem Okonkwo,TE,5,5,9,33,6.6,0,0,0,0.0,0,0.0,5.8,0.0
Michael Mayer,TE,5,2,3,39,19.5,0,0,0,0.0,0,0.0,4.9,0.0
Evan Engram,TE,5,4,8,28,7.0,0,0,0,0.0,0,0.0,4.8,0.0
Jake Ferguson,TE,5,3,3,28,9.3,0,0,0,0.0,0,0.0,4.3,0.0
Connor Heyward,TE,5,3,4,23,7.7,0,0,0,0.0,0,0.0,3.8,0.0
Hayden Hurst,TE,5,3,3,21,7.0,0,0,0,0.0,0,0.0,3.6,0.0
Ian Thomas,TE,5,1,2,28,28.0,0,0,0,0.0,0,0.0,3.3,0.0
Dawson Knox,TE,5,3,6,17,5.7,0,0,0,0.0,0,0.0,3.2,0.0
Geoff Swaim,TE,5,2,2,22,11.0,0,0,0,0.0,0,0.0,3.2,0.0
Noah Gray,TE,5,2,2,21,10.5,0,0,0,0.0,0,0.0,3.1,0.0
Brock Wright,TE,5,3,3,16,5.3,0,0,0,0.0,0,0.0,3.1,0.0
Tyler Higbee,TE,5,2,3,20,10.0,0,0,0,0.0,0,0.0,3.0,0.0
Dalton Kincaid,TE,5,2,2,19,9.5,0,0,0,0.0,0,0.0,2.9,0.0
John Bates,TE,5,2,2,19,9.5,0,0,0,0.0,0,0.0,2.9,0.0
Mike Gesicki,TE,5,2,4,17,8.5,0,0,0,0.0,0,0.0,2.7,0.0
MyCole Pruitt,TE,5,1,1,22,22.0,0,0,0,0.0,0,0.0,2.7,0.0
Trey McBride,TE,5,2,3,17,8.5,0,0,0,0.0,0,0.0,2.7,0.0
Teagan Quitoriano,TE,5,1,1,22,22.0,0,0,0,0.0,0,0.0,2.7,0.0
Andrew Ogletree,TE,5,2,2,16,8.0,0,0,0,0.0,0,0.0,2.6,0.0
Trevon Wesco,TE,5,1,1,21,21.0,0,0,0,0.0,0,0.0,2.6,0.0
Kylen Granson,TE,5,2,3,15,7.5,0,0,0,0.0,0,0.0,2.5,0.0
Taysom Hill,TE,5,1,1,1,1.0,0,3,19,6.3,0,0.0,2.5,0.0
Josiah Deguara,TE,5,1,1,19,19.0,0,0,0,0.0,0,0.0,2.4,0.0
Mo Alie-Cox,TE,5,1,1,17,17.0,0,0,0,0.0,0,0.0,2.2,0.0
C.J. Uzomah,TE,5,2,2,12,6.0,0,0,0,0.0,0,0.0,2.2,0.0
Luke Farrell,TE,5,1,1,16,16.0,0,0,0,0.0,0,0.0,2.1,0.0
Austin Hooper,TE,5,2,2,11,5.5,0,0,0,0.0,0,0.0,2.1,0.0
Robert Tonyan,TE,5,2,2,10,5.0,0,0,0,0.0,0,0.0,2.0,0.0
Ben Sims,TE,5,1,1,12,12.0,0,0,0,0.0,0,0.0,1.7,0.0
Johnny Mundt,TE,5,1,1,11,11.0,0,0,0,0.0,0,0.0,1.6,0.0
Cole Turner,TE,5,1,1,9,9.0,0,0,0,0.0,0,0.0,1.4,0.0
Josh Whyle,TE,5,1,1,7,7.0,0,0,0,0.0,0,0.0,1.2,0.0
Daniel Bellinger,TE,5,1,1,7,7.0,0,0,0,0.0,0,0.0,1.2,0.0
Jack Stoll,TE,5,1,1,4,4.0,0,0,0,0.0,0,0.0,0.9,0.0
Jeremy Ruckert,TE,5,1,1,2,2.0,0,0,0,0.0,0,0.0,0.7,0.0
