Year,Week,Day,Date,Win_Loss,OT,Team,Opponent,Team_Score,Opponent_Score,Passing_Complete,Passing_Attempts,Passing_Yards,Passing_TD,Passing_Int,Sacks_Allowed,Sacks_Yards_Allowed,Passing_Y_A,Passing_Net_Y_A,Passing_Completion,QB_Rating,Rushing_Attempts,Rushing_Yards,Rushing_Y_A,Rushing_TD,Field_Goals_Made,Field_Goals_Attempted,Extra_Points_Made,Extra_Points_Attempted,Number_of_Punts,Punting_Yards,Third_Down_Conversions,Third_Down_Attempts,Fourth_Down_Conversions,Fourth_Down_Attempts,Time_of_Possession
2016,1,Sun,September 11,L,0,Arizona Cardinals,New England Patriots,21,23,24,33,257,1,0,2,7,8.0,7.3,72.7,105.2,31,106,3.4,1,3,3,2,2,2,89,10,16,0,0,33:59
2016,2,Sun,September 18,W,0,Arizona Cardinals,Tampa Bay Buccaneers,40,7,27,52,221,1,4,3,22,4.7,4.0,51.9,37.4,21,85,4.0,0,0,1,1,1,6,282,5,13,0,1,30:57
2016,3,Sun,September 25,L,0,Arizona Cardinals,Buffalo Bills,18,33,14,25,89,0,1,4,30,4.8,3.1,56.0,46.9,32,208,6.5,3,2,2,3,4,5,178,4,13,0,0,26:00
2016,4,Sun,October 2,L,0,Arizona Cardinals,Los Angeles Rams,13,17,18,30,247,2,0,2,19,8.9,7.7,60.0,108.6,23,41,1.8,0,1,1,2,2,6,277,6,14,0,1,27:51
2016,5,Thu,October 6,W,0,Arizona Cardinals,San Francisco 49ers,33,21,18,31,135,1,2,7,27,5.2,3.6,58.1,52.5,36,151,4.2,2,0,0,3,3,7,349,4,14,1,1,28:16
2016,6,Mon,October 17,W,0,Arizona Cardinals,New York Jets,28,3,20,37,197,0,2,1,8,5.5,5.2,54.1,46.8,14,33,2.4,0,1,1,0,0,7,295,2,13,1,2,23:58
2016,7,Sun,October 23,T,1,Arizona Cardinals,Seattle Seahawks,6,6,24,37,205,0,0,1,20,6.1,5.4,64.9,79.2,19,52,2.7,0,2,3,0,0,9,414,3,14,0,0,28:39
2016,8,Sun,October 30,L,0,Arizona Cardinals,Carolina Panthers,20,30,14,27,208,0,0,1,4,7.9,7.4,51.9,77.4,36,141,3.9,2,3,3,3,3,3,157,6,14,1,2,30:48
2016,10,Sun,November 13,W,0,Arizona Cardinals,San Francisco 49ers,23,20,17,30,198,1,0,3,12,7.0,6.0,56.7,87.9,28,83,3.0,1,2,2,2,2,7,305,7,17,1,1,27:42
2016,11,Sun,November 20,L,0,Arizona Cardinals,Minnesota Vikings,24,30,20,28,145,1,0,2,24,6.0,4.8,71.4,95.1,24,72,3.0,1,1,1,3,4,4,225,6,13,0,1,28:58
2016,12,Sun,November 27,L,0,Arizona Cardinals,Atlanta Falcons,19,38,26,34,244,2,1,3,25,7.9,6.6,76.5,103.1,30,116,3.9,3,1,1,5,5,2,116,4,9,1,1,34:22
2016,13,Sun,December 4,W,0,Arizona Cardinals,Washington Redskins,31,23,21,37,246,1,1,2,25,7.3,6.3,56.8,74.8,18,87,4.8,1,3,3,2,2,2,89,5,11,0,0,26:14
2016,14,Sun,December 11,L,0,Arizona Cardinals,Miami Dolphins,23,26,18,25,231,3,1,1,11,9.7,8.9,72.0,123.5,31,83,2.7,0,1,1,3,3,8,346,4,13,0,0,30:04
2016,15,Sun,December 18,L,0,Arizona Cardinals,New Orleans Saints,41,48,37,48,358,4,0,3,31,8.1,7.0,77.1,125.2,32,130,4.1,2,2,2,6,6,1,30,9,14,1,1,37:13
2016,16,Sat,December 24,W,0,Arizona Cardinals,Seattle Seahawks,34,31,29,45,313,4,0,6,37,7.8,6.1,64.4,114.4,27,78,2.9,0,1,2,2,3,4,144,8,17,0,2,33:42
2016,17,Sun,January 1,W,0,Arizona Cardinals,Los Angeles Rams,44,6,17,28,71,0,2,7,72,5.1,2.0,60.7,35.4,22,52,2.4,0,2,2,0,0,7,337,2,14,1,2,32:02
2016,1,Sun,September 11,L,0,Atlanta Falcons,Tampa Bay Buccaneers,24,31,23,32,281,4,1,0,0,8.8,8.8,71.9,125.1,28,90,3.2,0,1,1,4,4,5,247,3,10,0,0,27:37
2016,2,Sun,September 18,W,0,Atlanta Falcons,Oakland Raiders,35,28,34,45,299,3,0,1,0,6.6,6.5,75.6,115.0,25,155,6.2,1,0,1,4,4,4,211,5,12,1,2,32:45
2016,3,Mon,September 26,W,0,Atlanta Falcons,New Orleans Saints,45,32,36,54,359,3,1,2,17,7.0,6.4,66.7,96.1,23,115,5.0,1,1,1,3,3,2,83,7,13,1,2,32:34
2016,4,Sun,October 2,W,0,Atlanta Falcons,Carolina Panthers,48,33,31,48,329,3,2,1,8,7.0,6.7,64.6,87.9,15,49,3.3,0,1,1,2,2,6,304,7,16,1,1,26:11
2016,5,Sun,October 9,W,0,Atlanta Falcons,Denver Broncos,23,16,23,35,183,1,1,6,40,6.4,4.5,65.7,76.3,24,84,3.5,0,3,3,1,1,6,290,4,16,4,4,31:08
2016,6,Sun,October 16,L,0,Atlanta Falcons,Seattle Seahawks,24,26,25,37,261,0,0,1,9,7.3,6.9,67.6,87.8,27,72,2.7,3,2,3,2,3,5,230,5,14,0,0,30:09
2016,7,Sun,October 23,L,1,Atlanta Falcons,San Diego Chargers,30,33,27,45,348,1,1,4,23,8.2,7.1,60.0,82.5,26,78,3.0,2,4,4,3,3,2,91,9,16,1,1,35:29
2016,8,Sun,October 30,W,0,Atlanta Falcons,Green Bay Packers,33,32,28,38,223,4,0,3,23,6.5,5.4,73.7,123.0,19,108,5.7,0,1,1,3,3,3,163,6,10,0,1,31:17
2016,9,Thu,November 3,W,0,Atlanta Falcons,Tampa Bay Buccaneers,43,28,33,48,326,4,0,2,10,7.0,6.5,68.8,115.5,20,70,3.5,0,0,0,2,2,3,143,8,14,1,2,26:32
2016,10,Sun,November 13,L,0,Atlanta Falcons,Philadelphia Eagles,15,24,25,36,221,0,0,2,10,6.4,5.8,69.4,85.5,38,208,5.5,2,3,5,1,1,2,86,5,14,0,1,38:10
2016,12,Sun,November 27,W,0,Atlanta Falcons,Arizona Cardinals,38,19,25,45,274,2,1,2,15,6.4,5.8,55.6,79.3,14,58,4.1,0,2,2,1,1,4,166,4,11,1,2,25:38
2016,13,Sun,December 4,L,0,Atlanta Falcons,Kansas City Chiefs,28,29,21,25,266,1,0,1,4,10.8,10.2,84.0,124.3,22,123,5.6,2,0,0,3,4,3,150,3,10,2,2,28:08
2016,14,Sun,December 11,W,0,Atlanta Falcons,Los Angeles Rams,42,14,24,41,208,0,2,3,27,5.7,4.7,58.5,51.7,23,104,4.5,2,0,0,2,2,7,340,6,14,0,0,32:52
2016,15,Sun,December 18,W,0,Atlanta Falcons,San Francisco 49ers,41,13,20,33,165,2,0,2,18,5.5,4.7,60.6,93.6,20,107,5.4,0,0,0,1,2,7,318,6,13,0,0,23:59
2016,16,Sat,December 24,W,0,Atlanta Falcons,Carolina Panthers,33,16,18,43,183,1,2,2,15,4.6,4.1,41.9,43.1,23,119,5.2,0,3,3,1,1,3,130,4,15,3,4,27:15
2016,17,Sun,January 1,W,0,Atlanta Falcons,New Orleans Saints,38,32,29,50,341,2,1,2,9,7.0,6.6,58.0,83.8,23,132,5.7,2,2,2,2,2,4,224,7,16,3,3,30:15
2016,1,Sun,September 11,W,0,Baltimore Ravens,Buffalo Bills,13,7,15,22,95,0,0,2,16,5.0,4.0,68.2,76.9,24,65,2.7,1,0,1,1,1,7,313,3,13,2,2,27:07
2016,2,Sun,September 18,W,0,Baltimore Ravens,Cleveland Browns,25,20,20,33,242,2,2,3,18,7.9,6.7,60.6,78.1,23,145,6.3,1,0,1,2,3,5,226,8,15,1,1,29:01
2016,3,Sun,September 25,W,0,Baltimore Ravens,Jacksonville Jaguars,19,17,24,38,168,2,3,4,26,5.1,4.0,63.2,57.8,21,48,2.3,0,1,2,2,2,6,249,6,16,0,0,28:54
2016,4,Sun,October 2,L,0,Baltimore Ravens,Oakland Raiders,27,28,25,35,199,4,0,0,0,5.7,5.7,71.4,123.4,19,62,3.3,0,0,0,4,4,8,414,3,12,0,0,25:16
2016,5,Sun,October 9,L,0,Baltimore Ravens,Washington Redskins,10,16,29,41,250,1,1,1,10,6.3,6.0,70.7,84.4,20,60,3.0,0,1,2,1,2,6,253,3,12,1,2,29:35
2016,6,Sun,October 16,L,0,Baltimore Ravens,New York Giants,23,27,32,46,397,3,2,1,6,8.8,8.4,69.6,99.6,17,38,2.2,0,2,2,3,3,4,205,4,14,3,3,24:56
2016,7,Sun,October 23,L,0,Baltimore Ravens,New York Jets,16,24,13,22,189,2,0,5,26,9.8,7.0,59.1,117.4,39,155,4.0,1,1,2,3,3,6,237,6,16,0,1,36:37
2016,9,Sun,November 6,W,0,Baltimore Ravens,Pittsburgh Steelers,21,14,23,45,241,1,1,2,23,5.9,5.1,51.1,65.1,18,36,2.0,1,0,0,2,2,10,431,4,16,1,2,27:50
2016,10,Thu,November 10,W,0,Baltimore Ravens,Cleveland Browns,28,7,17,31,111,1,2,4,39,4.8,3.2,54.8,46.6,13,33,2.5,0,0,0,1,1,7,300,2,10,0,0,21:24
2016,11,Sun,November 20,L,0,Baltimore Ravens,Dallas Cowboys,17,27,27,36,299,3,0,1,2,8.4,8.1,75.0,127.0,30,118,3.9,0,2,2,3,3,4,184,7,12,0,0,35:39
2016,12,Sun,November 27,W,0,Baltimore Ravens,Cincinnati Bengals,19,14,26,48,261,1,0,3,22,5.9,5.1,54.2,76.8,20,64,3.2,0,2,2,0,1,6,283,5,16,1,1,28:43
2016,13,Sun,December 4,W,0,Baltimore Ravens,Miami Dolphins,38,6,29,40,215,1,3,2,11,5.7,5.1,72.5,62.0,16,62,3.9,0,0,1,0,0,6,222,4,13,0,0,30:46
2016,14,Mon,December 12,L,0,Baltimore Ravens,New England Patriots,23,30,25,38,401,3,1,1,5,10.7,10.3,65.8,116.2,26,95,3.7,1,0,0,4,4,6,294,8,16,1,1,29:14
2016,15,Sun,December 18,W,0,Baltimore Ravens,Philadelphia Eagles,27,26,22,42,159,0,1,1,11,4.0,3.7,52.4,51.6,38,169,4.4,2,4,4,0,0,2,94,8,18,1,3,36:38
2016,16,Sun,December 25,L,0,Baltimore Ravens,Pittsburgh Steelers,27,31,24,33,279,3,2,0,0,8.5,8.5,72.7,103.0,22,127,5.8,1,1,1,4,4,3,137,3,7,0,0,25:23
2016,17,Sun,January 1,L,0,Baltimore Ravens,Cincinnati Bengals,10,27,18,28,218,1,0,1,8,8.1,7.5,64.3,100.0,38,153,4.0,2,2,2,3,3,5,247,1,8,0,0,30:42
2016,1,Sun,September 11,L,0,Buffalo Bills,Baltimore Ravens,7,13,22,33,225,1,0,4,33,7.8,6.1,66.7,96.1,28,83,3.0,0,2,2,1,1,3,128,6,15,0,1,32:53
2016,2,Thu,September 15,L,0,Buffalo Bills,New York Jets,31,37,24,34,370,1,0,1,4,11.0,10.6,70.6,116.1,36,123,3.4,3,3,3,4,4,2,82,8,13,0,0,39:12
2016,3,Sun,September 25,W,0,Buffalo Bills,Arizona Cardinals,33,18,26,50,260,0,4,5,27,5.7,4.7,52.0,33.7,22,88,4.0,2,1,1,1,1,6,212,5,15,0,1,34:00
2016,4,Sun,October 2,W,0,Buffalo Bills,New England Patriots,16,0,17,27,187,0,0,3,18,7.6,6.2,63.0,83.4,22,90,4.1,0,0,1,0,0,6,311,1,12,2,3,23:49
2016,5,Sun,October 9,W,0,Buffalo Bills,Los Angeles Rams,30,19,21,31,243,0,2,4,28,8.7,6.9,67.7,64.3,29,102,3.5,1,4,4,1,1,2,109,4,12,0,2,35:34
2016,6,Sun,October 16,W,0,Buffalo Bills,San Francisco 49ers,45,16,13,29,167,1,0,3,20,6.4,5.2,44.8,74.9,28,133,4.8,0,3,3,1,1,5,209,3,13,0,2,24:49
2016,7,Sun,October 23,L,0,Buffalo Bills,Miami Dolphins,25,28,15,25,198,1,0,1,6,8.2,7.6,60.0,98.4,42,256,6.1,2,2,2,2,2,5,175,5,12,0,0,37:02
2016,8,Sun,October 30,L,0,Buffalo Bills,New England Patriots,25,41,22,33,285,4,0,5,30,9.5,7.5,66.7,133.2,23,72,3.1,1,2,2,5,5,3,134,9,13,0,0,29:51
2016,9,Mon,November 7,L,0,Buffalo Bills,Seattle Seahawks,25,31,20,26,245,2,0,4,37,10.8,8.2,76.9,131.1,12,33,2.8,2,1,1,4,4,4,142,2,7,0,0,19:43
2016,11,Sun,November 20,W,0,Buffalo Bills,Cincinnati Bengals,16,12,24,43,207,1,2,1,0,4.8,4.7,55.8,57.0,27,93,3.4,1,0,0,0,2,6,267,8,15,0,0,27:49
2016,12,Sun,November 27,W,0,Buffalo Bills,Jacksonville Jaguars,28,21,13,26,118,2,0,2,8,4.8,4.2,50.0,88.3,37,183,4.9,1,0,0,3,3,6,273,8,15,0,1,33:35
2016,13,Sun,December 4,L,0,Buffalo Bills,Oakland Raiders,24,38,19,35,260,2,0,0,0,7.4,7.4,54.3,97.3,32,139,4.3,2,3,3,3,3,5,221,5,13,0,0,29:45
2016,14,Sun,December 11,L,0,Buffalo Bills,Pittsburgh Steelers,20,27,17,31,220,0,3,0,0,7.1,7.1,54.8,37.8,42,240,5.7,3,2,2,3,3,2,101,6,14,1,1,38:41
2016,15,Sun,December 18,W,0,Buffalo Bills,Cleveland Browns,33,13,17,28,162,0,0,5,34,7.0,4.9,60.7,76.8,21,107,5.1,1,2,2,1,1,5,222,3,11,1,1,25:41
2016,16,Sat,December 24,L,1,Buffalo Bills,Miami Dolphins,31,34,16,30,233,2,1,0,0,7.8,7.8,53.3,87.2,38,261,6.9,2,2,3,4,4,5,207,5,12,0,0,33:40
2016,17,Sun,January 1,L,0,Buffalo Bills,New York Jets,10,30,20,30,202,2,0,1,8,7.0,6.5,66.7,107.9,30,127,4.2,0,3,3,3,3,5,231,4,13,0,2,31:27
2016,1,Thu,September 8,L,0,Carolina Panthers,Denver Broncos,20,21,18,26,159,1,2,2,19,6.8,5.7,69.2,66.0,29,148,5.1,2,0,0,3,3,3,140,5,10,1,1,27:41
2016,2,Sun,September 18,W,0,Carolina Panthers,San Francisco 49ers,46,27,17,36,237,2,2,2,6,6.8,6.2,47.2,64.2,26,65,2.5,1,2,2,3,3,7,318,4,14,0,1,24:06
2016,3,Sun,September 25,L,0,Carolina Panthers,Minnesota Vikings,10,22,18,28,153,1,0,2,18,6.1,5.1,64.3,90.3,24,58,2.4,0,2,2,0,1,7,339,3,12,0,0,25:08
2016,4,Sun,October 2,L,0,Carolina Panthers,Atlanta Falcons,33,48,28,37,481,4,1,3,22,13.6,12.0,75.7,142.0,25,90,3.6,1,2,2,6,6,3,158,8,13,0,0,33:49
2016,5,Mon,October 10,L,0,Carolina Panthers,Tampa Bay Buccaneers,14,17,18,30,202,1,0,2,17,7.3,6.3,60.0,91.2,37,113,3.1,0,3,5,0,0,5,225,6,15,0,0,34:09
2016,6,Sun,October 16,L,0,Carolina Panthers,New Orleans Saints,38,41,34,49,460,4,1,1,5,9.5,9.2,69.4,117.7,21,63,3.0,1,2,3,5,5,4,211,8,16,1,1,28:55
2016,8,Sun,October 30,W,0,Carolina Panthers,Arizona Cardinals,30,20,35,46,316,3,1,8,47,7.9,5.9,76.1,106.8,10,24,2.4,0,0,0,2,2,6,259,4,12,1,1,29:12
2016,9,Sun,November 6,W,0,Carolina Panthers,Los Angeles Rams,13,10,27,46,280,1,1,4,16,6.4,5.6,58.7,74.5,17,59,3.5,0,1,3,1,1,5,243,4,14,2,3,25:48
2016,10,Sun,November 13,L,0,Carolina Panthers,Kansas City Chiefs,17,20,25,38,165,0,1,3,13,4.7,4.0,65.8,64.0,20,91,4.6,0,4,4,0,0,5,245,2,12,1,1,24:48
2016,11,Thu,November 17,W,0,Carolina Panthers,New Orleans Saints,23,20,35,44,264,2,1,3,21,6.5,5.6,79.5,97.3,25,107,4.3,0,2,3,2,2,3,141,4,13,2,2,32:15
2016,12,Sun,November 27,L,0,Carolina Panthers,Oakland Raiders,32,35,26,39,310,2,1,1,5,8.1,7.8,66.7,97.2,31,56,1.8,1,2,2,3,3,5,239,8,15,0,0,33:37
2016,13,Sun,December 4,L,0,Carolina Panthers,Seattle Seahawks,7,40,28,39,294,1,1,3,21,8.1,7.0,71.8,91.2,29,240,8.3,3,4,4,4,4,1,41,7,14,0,1,34:01
2016,14,Sun,December 11,W,0,Carolina Panthers,San Diego Chargers,28,16,21,39,220,2,3,5,16,6.1,5.0,53.8,55.5,20,58,2.9,0,1,1,1,1,3,122,5,13,0,1,27:23
2016,15,Mon,December 19,W,0,Carolina Panthers,Washington Redskins,26,15,32,47,306,0,1,1,9,6.7,6.4,68.1,77.1,13,29,2.2,1,3,3,0,1,6,286,2,12,1,1,25:21
2016,16,Sat,December 24,L,0,Carolina Panthers,Atlanta Falcons,16,33,27,33,256,2,0,4,21,8.4,6.9,81.8,119.2,24,152,6.3,1,4,5,3,3,3,127,6,14,0,0,32:45
2016,17,Sun,January 1,L,0,Carolina Panthers,Tampa Bay Buccaneers,16,17,20,35,188,1,1,3,14,5.8,4.9,57.1,69.7,25,112,4.5,0,1,3,2,2,5,229,4,12,0,0,27:36
2016,1,Sun,September 11,L,0,Chicago Bears,Houston Texans,14,23,22,35,215,2,1,2,16,6.6,5.8,62.9,87.2,35,129,3.7,0,3,3,2,2,5,243,12,20,0,0,36:19
2016,2,Mon,September 19,L,0,Chicago Bears,Philadelphia Eagles,14,29,21,34,180,1,0,2,10,5.6,5.0,61.8,85.4,32,100,3.1,2,3,3,2,3,5,218,3,15,3,3,36:05
2016,3,Sun,September 25,L,0,Chicago Bears,Dallas Cowboys,17,31,19,24,248,1,0,0,0,10.3,10.3,79.2,123.6,41,199,4.9,3,1,2,4,4,3,140,5,11,1,1,35:19
2016,4,Sun,October 2,W,0,Chicago Bears,Detroit Lions,17,14,23,36,197,0,2,2,16,5.9,5.2,63.9,55.0,18,66,3.7,0,2,2,0,0,5,245,4,12,0,0,26:46
2016,5,Sun,October 9,L,0,Chicago Bears,Indianapolis Colts,23,29,28,39,298,2,0,5,24,8.3,6.8,71.8,110.8,21,98,4.7,0,5,5,2,2,3,190,3,12,1,1,29:55
2016,6,Sun,October 16,L,0,Chicago Bears,Jacksonville Jaguars,16,17,20,33,263,1,1,2,8,8.2,7.5,60.6,83.3,20,54,2.7,1,1,1,2,2,5,275,2,10,0,0,24:13
2016,7,Thu,October 20,L,0,Chicago Bears,Green Bay Packers,10,26,39,56,303,3,0,2,23,5.8,5.2,69.6,100.5,23,103,4.5,0,2,3,2,3,1,46,9,16,1,2,39:36
2016,8,Mon,October 31,W,0,Chicago Bears,Minnesota Vikings,20,10,23,37,201,1,0,5,27,6.2,4.8,62.2,85.5,18,57,3.2,0,1,1,1,1,7,309,2,13,2,2,27:19
2016,10,Sun,November 13,L,0,Chicago Bears,Tampa Bay Buccaneers,10,36,23,33,280,2,1,4,32,9.5,7.6,69.7,103.1,31,80,2.6,1,2,2,4,4,5,214,8,15,0,0,37:09
2016,11,Sun,November 20,L,0,Chicago Bears,New York Giants,16,22,21,36,227,2,0,0,0,6.3,6.3,58.3,95.5,29,102,3.5,1,1,1,1,3,6,267,5,14,2,2,29:31
2016,12,Sun,November 27,L,0,Chicago Bears,Tennessee Titans,21,27,15,23,226,2,0,0,0,9.8,9.8,65.2,126.4,29,149,5.1,1,2,2,3,3,4,177,5,11,0,0,29:25
2016,13,Sun,December 4,W,0,Chicago Bears,San Francisco 49ers,26,6,5,15,6,0,0,6,33,2.6,0.3,33.3,42.4,34,141,4.1,0,2,2,0,0,8,308,4,14,0,0,28:42
2016,14,Sun,December 11,L,0,Chicago Bears,Detroit Lions,17,20,21,35,209,1,2,3,14,6.4,5.5,60.0,62.7,28,114,4.1,1,2,2,2,2,2,102,6,12,0,0,34:17
2016,15,Sun,December 18,L,0,Chicago Bears,Green Bay Packers,27,30,19,31,225,0,0,4,27,8.1,6.4,61.3,83.4,23,226,9.8,3,3,3,3,3,4,168,3,10,0,1,32:47
2016,16,Sat,December 24,L,0,Chicago Bears,Washington Redskins,21,41,18,29,270,1,0,0,0,9.3,9.3,62.1,104.1,35,208,5.9,4,2,2,5,5,2,83,8,13,0,1,32:35
2016,17,Sun,January 1,L,0,Chicago Bears,Minnesota Vikings,10,38,25,34,250,3,1,0,0,7.4,7.4,73.5,111.2,28,124,4.4,1,1,1,5,5,2,64,6,12,0,1,30:12
2016,1,Sun,September 11,W,0,Cincinnati Bengals,New York Jets,23,22,19,35,188,2,1,1,1,5.4,5.2,54.3,76.8,30,152,5.1,0,3,4,1,2,3,154,4,12,0,0,34:53
2016,2,Sun,September 18,L,0,Cincinnati Bengals,Pittsburgh Steelers,16,24,19,37,250,3,2,1,9,7.0,6.6,51.4,77.5,36,124,3.4,0,1,1,3,3,8,377,7,17,0,1,32:55
2016,3,Sun,September 25,L,0,Cincinnati Bengals,Denver Broncos,17,29,23,35,303,4,0,2,9,8.9,8.2,65.7,131.0,23,52,2.3,0,1,1,2,3,5,231,6,12,0,0,27:54
2016,4,Thu,September 29,W,0,Cincinnati Bengals,Miami Dolphins,22,7,15,25,160,1,1,5,29,7.6,5.3,60.0,75.4,13,62,4.8,0,0,0,1,1,7,344,2,11,0,1,21:58
2016,5,Sun,October 9,L,0,Cincinnati Bengals,Dallas Cowboys,14,28,18,24,222,1,0,1,5,9.5,8.9,75.0,117.0,29,180,6.2,3,0,0,4,4,2,87,4,8,0,0,27:43
2016,6,Sun,October 16,L,0,Cincinnati Bengals,New England Patriots,17,35,29,35,358,3,0,3,18,10.7,9.4,82.9,137.9,23,79,3.4,1,2,2,3,4,3,133,4,10,1,1,27:57
2016,7,Sun,October 23,W,0,Cincinnati Bengals,Cleveland Browns,31,17,21,35,172,0,2,2,10,5.2,4.6,60.0,48.8,26,180,6.9,2,1,1,2,2,5,209,6,14,0,0,31:48
2016,8,Sun,October 30,T,1,Cincinnati Bengals,Washington Redskins,27,27,38,56,446,2,1,1,12,8.2,7.8,67.9,96.3,31,100,3.2,1,2,4,3,3,3,128,8,17,0,2,39:42
2016,10,Mon,November 14,L,0,Cincinnati Bengals,New York Giants,20,21,28,44,229,3,2,1,11,5.5,5.1,63.6,80.6,27,122,4.5,0,0,0,3,3,6,276,6,14,1,2,31:23
2016,11,Sun,November 20,L,0,Cincinnati Bengals,Buffalo Bills,12,16,19,27,159,0,1,2,7,6.1,5.5,70.4,69.8,34,183,5.4,1,3,3,1,1,5,192,3,12,1,1,32:11
2016,12,Sun,November 27,L,0,Cincinnati Bengals,Baltimore Ravens,14,19,25,36,219,1,1,2,15,6.5,5.8,69.4,83.0,30,92,3.1,0,4,4,1,1,5,222,5,16,1,2,31:17
2016,13,Sun,December 4,W,0,Cincinnati Bengals,Philadelphia Eagles,32,14,36,60,306,1,3,1,2,5.1,5.0,60.0,58.1,19,53,2.8,1,0,1,2,2,3,118,8,17,3,5,31:58
2016,14,Sun,December 11,W,0,Cincinnati Bengals,Cleveland Browns,23,10,12,28,85,0,1,3,19,3.7,2.7,42.9,35.6,22,169,7.7,1,1,1,1,1,6,276,6,14,1,1,25:07
2016,15,Sun,December 18,L,0,Cincinnati Bengals,Pittsburgh Steelers,20,24,21,36,285,1,0,1,1,7.9,7.7,58.3,92.9,29,97,3.3,0,6,6,0,0,1,40,5,13,0,0,32:32
2016,16,Sat,December 24,L,0,Cincinnati Bengals,Houston Texans,10,12,18,29,155,0,0,4,21,6.1,4.7,62.1,76.1,24,95,4.0,1,2,2,0,1,8,371,4,14,0,0,31:06
2016,17,Sun,January 1,W,0,Cincinnati Bengals,Baltimore Ravens,27,10,33,51,263,0,2,3,16,5.5,4.9,64.7,61.2,16,72,4.5,1,1,1,1,1,4,175,8,16,1,3,29:18
2016,1,Sun,September 11,L,0,Cleveland Browns,Philadelphia Eagles,10,29,22,37,270,2,0,2,8,7.5,6.9,59.5,100.1,34,133,3.9,1,2,3,3,3,6,295,5,15,1,1,39:20
2016,2,Sun,September 18,L,0,Cleveland Browns,Baltimore Ravens,20,25,25,45,302,2,2,0,0,6.7,6.7,55.6,72.6,26,80,3.1,0,3,3,2,2,3,141,10,16,0,1,30:59
2016,3,Sun,September 25,L,1,Cleveland Browns,Miami Dolphins,24,30,25,39,311,3,2,1,8,8.2,7.8,64.1,93.0,25,115,4.6,1,1,1,3,3,6,293,2,10,0,0,29:12
2016,4,Sun,October 2,L,0,Cleveland Browns,Washington Redskins,20,31,21,27,156,3,1,3,27,6.8,5.2,77.8,112.3,26,145,5.6,1,1,1,4,4,3,146,4,8,0,0,31:03
2016,5,Sun,October 9,L,0,Cleveland Browns,New England Patriots,13,33,28,41,403,3,0,1,3,9.9,9.6,68.3,124.3,35,98,2.8,1,1,2,4,4,5,209,9,17,0,1,34:39
2016,6,Sun,October 16,L,0,Cleveland Browns,Tennessee Titans,26,28,17,24,270,3,1,2,14,11.8,10.4,70.8,130.2,31,137,4.4,1,0,1,4,4,5,225,7,13,0,0,31:01
2016,7,Sun,October 23,L,0,Cleveland Browns,Cincinnati Bengals,17,31,19,28,288,2,0,3,20,11.0,9.3,67.9,125.3,30,271,9.0,2,1,3,4,4,2,89,5,10,0,0,28:12
2016,8,Sun,October 30,L,0,Cleveland Browns,New York Jets,28,31,16,34,222,1,0,2,6,6.7,6.2,47.1,78.3,35,171,4.9,3,1,1,4,4,6,282,7,15,1,1,33:41
2016,9,Sun,November 6,L,0,Cleveland Browns,Dallas Cowboys,10,35,22,28,255,3,0,0,0,9.1,9.1,78.6,140.3,42,168,4.0,2,0,0,5,5,2,75,8,12,2,2,39:39
2016,10,Thu,November 10,L,0,Cleveland Browns,Baltimore Ravens,7,28,30,41,277,3,2,2,19,7.2,6.4,73.2,95.3,34,119,3.5,0,2,2,2,2,4,184,7,12,0,0,38:36
2016,11,Sun,November 20,L,0,Cleveland Browns,Pittsburgh Steelers,9,24,23,36,167,0,0,0,0,4.6,4.6,63.9,74.7,28,146,5.2,1,3,3,1,1,3,150,5,12,1,1,33:58
2016,12,Sun,November 27,L,0,Cleveland Browns,New York Giants,13,27,15,27,192,3,0,1,2,7.2,6.9,55.6,115.0,27,104,3.9,0,0,0,3,4,9,427,4,13,0,0,26:09
2016,14,Sun,December 11,L,0,Cleveland Browns,Cincinnati Bengals,10,23,20,28,147,2,0,4,33,6.4,4.6,71.4,107.3,38,213,5.6,1,1,2,2,3,5,248,8,15,0,0,34:53
2016,15,Sun,December 18,L,0,Cleveland Browns,Buffalo Bills,13,33,17,25,171,1,0,1,3,7.0,6.6,68.0,100.6,40,280,7.0,3,2,2,3,4,2,90,4,9,0,1,34:19
2016,16,Sat,December 24,W,0,Cleveland Browns,San Diego Chargers,20,17,23,46,322,2,1,0,0,7.0,7.0,50.0,78.4,19,34,1.8,0,1,3,2,2,5,251,5,15,2,2,27:31
2016,17,Sun,January 1,L,1,Cleveland Browns,Pittsburgh Steelers,24,27,24,37,243,3,1,4,34,7.5,5.9,64.9,99.3,28,69,2.5,1,0,0,3,3,8,368,3,14,2,2,33:09
2016,1,Sun,September 11,L,0,Dallas Cowboys,New York Giants,19,20,19,28,203,3,1,2,4,7.4,6.8,67.9,109.7,24,113,4.7,0,0,0,2,3,5,257,5,10,0,0,23:17
2016,2,Sun,September 18,W,0,Dallas Cowboys,Washington Redskins,27,23,28,46,350,1,1,2,14,7.9,7.3,60.9,82.7,17,82,4.8,1,3,3,2,2,2,75,5,12,0,1,27:09
2016,3,Sun,September 25,W,0,Dallas Cowboys,Chicago Bears,31,17,30,49,312,2,0,1,5,6.5,6.2,61.2,93.2,14,78,5.6,0,1,1,2,2,4,159,2,10,1,1,24:41
2016,4,Sun,October 2,W,0,Dallas Cowboys,San Francisco 49ers,24,17,16,23,189,1,1,1,7,8.5,7.9,69.6,90.7,29,106,3.7,1,1,1,2,2,4,196,8,14,0,1,23:33
2016,5,Sun,October 9,W,0,Dallas Cowboys,Cincinnati Bengals,28,14,29,41,249,2,0,4,20,6.6,5.5,70.7,102.6,19,96,5.1,0,0,1,2,2,5,196,5,12,1,1,32:17
2016,6,Sun,October 16,W,0,Dallas Cowboys,Green Bay Packers,30,16,31,42,294,1,1,1,0,7.0,6.8,73.8,90.8,24,78,3.3,0,3,3,1,1,1,47,7,13,0,1,30:10
2016,8,Sun,October 30,W,1,Dallas Cowboys,Philadelphia Eagles,29,23,32,44,194,1,0,3,8,4.6,4.1,72.7,88.6,24,97,4.0,1,3,3,2,2,6,269,6,15,0,0,33:15
2016,9,Sun,November 6,W,0,Dallas Cowboys,Cleveland Browns,35,10,19,27,177,1,0,4,26,7.5,5.7,70.4,100.4,13,45,3.5,0,1,2,1,1,5,220,1,9,1,1,20:21
2016,10,Sun,November 13,W,0,Dallas Cowboys,Pittsburgh Steelers,35,30,37,46,400,3,0,1,8,8.9,8.5,80.4,124.6,19,48,2.5,1,2,3,0,0,4,174,4,10,0,0,29:36
2016,11,Sun,November 20,W,0,Dallas Cowboys,Baltimore Ravens,27,17,23,35,267,1,0,1,2,7.7,7.4,65.7,98.2,16,101,6.3,1,1,1,2,2,5,237,3,9,0,0,24:21
2016,12,Thu,November 24,W,0,Dallas Cowboys,Washington Redskins,31,26,41,53,449,3,0,0,0,8.5,8.5,77.4,120.7,19,56,2.9,0,2,4,2,2,1,39,8,15,2,2,33:24
2016,13,Thu,December 1,W,0,Dallas Cowboys,Minnesota Vikings,17,15,33,47,231,1,0,3,22,5.4,4.6,70.2,88.2,19,87,4.6,0,3,3,0,0,7,224,6,16,0,0,33:17
2016,14,Sun,December 11,L,0,Dallas Cowboys,New York Giants,7,10,17,28,167,1,1,3,26,6.9,5.4,60.7,74.6,33,93,2.8,0,1,1,1,1,9,389,2,14,2,2,30:52
2016,15,Sun,December 18,W,0,Dallas Cowboys,Tampa Bay Buccaneers,26,20,17,35,224,2,3,4,23,7.1,5.7,48.6,52.6,20,52,2.6,0,2,2,2,2,4,171,4,12,0,1,23:56
2016,16,Mon,December 26,W,0,Dallas Cowboys,Detroit Lions,42,21,26,46,229,0,1,4,31,5.7,4.6,56.5,60.9,20,90,4.5,3,0,1,3,3,4,196,5,12,2,2,30:43
2016,17,Sun,January 1,L,0,Dallas Cowboys,Philadelphia Eagles,13,27,27,43,232,2,0,2,13,5.7,5.2,62.8,92.4,30,114,3.8,1,2,3,3,3,4,200,6,14,0,1,35:42
2016,1,Thu,September 8,W,0,Denver Broncos,Carolina Panthers,21,20,18,33,176,1,1,3,18,5.9,4.9,54.5,67.2,32,157,4.9,1,2,3,2,2,4,252,9,15,0,0,32:19
2016,2,Sun,September 18,W,0,Denver Broncos,Indianapolis Colts,34,20,21,40,170,1,1,5,27,4.9,3.8,52.5,61.5,21,83,4.0,1,2,2,2,2,4,226,6,14,1,1,29:19
2016,3,Sun,September 25,W,0,Denver Broncos,Cincinnati Bengals,29,17,21,31,189,0,1,4,17,6.6,5.4,67.7,70.5,29,143,4.9,2,1,1,2,2,5,231,5,12,0,1,32:06
2016,4,Sun,October 2,W,0,Denver Broncos,Tampa Bay Buccaneers,27,7,17,35,143,0,2,5,36,5.1,3.6,48.6,35.8,26,72,2.8,1,0,0,1,1,7,326,5,16,0,1,28:36
2016,5,Sun,October 9,L,0,Denver Broncos,Atlanta Falcons,16,23,15,28,250,1,0,2,17,9.5,8.3,53.6,95.8,32,122,3.8,1,3,3,2,2,3,185,2,12,2,3,28:52
2016,6,Thu,October 13,L,0,Denver Broncos,San Diego Chargers,13,21,18,29,166,1,0,2,12,6.1,5.4,62.1,89.2,29,99,3.4,0,4,4,1,1,5,237,3,13,1,1,33:28
2016,7,Mon,October 24,W,0,Denver Broncos,Houston Texans,27,9,22,41,131,0,0,1,0,3.2,3.1,53.7,60.1,25,140,5.6,0,3,3,0,0,5,242,7,18,0,2,29:22
2016,8,Sun,October 30,W,0,Denver Broncos,San Diego Chargers,27,19,20,47,246,2,3,4,21,5.7,4.8,42.6,46.9,26,123,4.7,0,0,1,1,2,5,285,7,17,0,2,33:08
2016,9,Sun,November 6,L,0,Denver Broncos,Oakland Raiders,20,30,20,31,179,0,0,2,5,5.9,5.4,64.5,79.9,43,218,5.1,3,3,4,3,3,4,169,5,14,0,0,41:28
2016,10,Sun,November 13,W,0,Denver Broncos,New Orleans Saints,25,23,21,29,293,3,2,1,10,10.4,9.8,72.4,110.3,21,80,3.8,0,1,1,2,3,4,163,4,9,0,0,20:38
2016,12,Sun,November 27,L,1,Denver Broncos,Kansas City Chiefs,27,30,26,44,190,1,0,6,30,5.0,3.8,59.1,76.9,26,83,3.2,1,2,2,2,2,9,431,5,17,1,1,37:39
2016,13,Sun,December 4,W,0,Denver Broncos,Jacksonville Jaguars,20,10,19,42,179,0,2,1,2,4.3,4.2,45.2,37.7,38,154,4.1,1,1,1,1,1,8,369,6,18,1,2,34:34
2016,14,Sun,December 11,L,0,Denver Broncos,Tennessee Titans,10,13,6,21,73,0,0,2,15,4.2,3.2,28.6,41.6,42,180,4.3,1,2,2,1,1,7,308,6,16,0,0,32:27
2016,15,Sun,December 18,L,0,Denver Broncos,New England Patriots,3,16,16,32,177,0,0,2,11,5.9,5.2,50.0,66.8,39,136,3.5,1,3,3,1,1,7,312,5,17,0,1,33:36
2016,16,Sun,December 25,L,0,Denver Broncos,Kansas City Chiefs,10,33,26,37,246,2,1,0,0,6.6,6.6,70.3,95.1,37,238,6.4,2,2,3,3,4,4,164,9,17,0,0,38:01
2016,17,Sun,January 1,W,0,Denver Broncos,Oakland Raiders,24,6,20,32,164,1,1,2,7,5.3,4.8,62.5,72.9,16,57,3.6,0,0,0,0,0,8,452,2,11,0,1,24:35
2016,1,Sun,September 11,W,0,Detroit Lions,Indianapolis Colts,39,35,31,47,368,4,0,2,17,8.2,7.5,66.0,118.0,19,82,4.3,0,2,2,3,3,4,195,9,16,0,0,29:24
2016,2,Sun,September 18,L,0,Detroit Lions,Tennessee Titans,15,16,25,33,224,2,1,3,14,7.2,6.2,75.8,101.1,24,139,5.8,0,1,2,1,1,3,142,5,12,1,1,30:51
2016,3,Sun,September 25,L,0,Detroit Lions,Green Bay Packers,27,34,15,24,201,4,0,2,4,8.5,7.7,62.5,128.6,24,123,5.1,0,2,2,4,4,2,83,5,10,0,0,24:53
2016,4,Sun,October 2,L,0,Detroit Lions,Chicago Bears,14,17,28,36,294,2,0,2,8,8.4,7.7,77.8,119.2,29,114,3.9,0,1,2,2,2,4,196,5,13,0,1,33:14
2016,5,Sun,October 9,W,0,Detroit Lions,Philadelphia Eagles,24,23,25,33,230,2,1,3,8,7.2,6.4,75.8,101.8,21,116,5.5,0,3,3,2,2,2,76,5,11,0,0,29:36
2016,6,Sun,October 16,W,0,Detroit Lions,Los Angeles Rams,31,28,27,32,311,3,1,1,10,10.0,9.4,84.4,125.4,22,76,3.5,1,0,0,4,4,2,94,6,9,0,1,27:48
2016,7,Sun,October 23,W,0,Detroit Lions,Washington Redskins,20,17,30,39,283,1,0,2,18,7.7,6.9,76.9,105.0,29,130,4.5,1,1,2,2,2,2,86,9,15,0,0,34:59
2016,8,Sun,October 30,L,0,Detroit Lions,Houston Texans,13,20,20,29,164,1,1,3,22,6.4,5.1,69.0,80.2,31,105,3.4,1,2,2,2,2,4,203,6,15,1,1,33:58
2016,9,Sun,November 6,W,1,Detroit Lions,Minnesota Vikings,22,16,31,40,259,1,0,2,14,6.8,6.2,77.5,102.0,25,78,3.1,1,1,2,1,2,4,146,6,14,1,2,33:08
2016,11,Sun,November 20,W,0,Detroit Lions,Jacksonville Jaguars,26,19,22,35,202,2,2,0,0,5.8,5.8,62.9,73.7,27,83,3.1,0,2,2,1,2,6,245,4,14,0,0,32:55
2016,12,Thu,November 24,W,0,Detroit Lions,Minnesota Vikings,16,13,31,37,224,0,1,0,0,6.1,6.1,83.8,80.6,16,82,5.1,1,2,2,1,1,4,195,2,10,0,1,31:31
2016,13,Sun,December 4,W,0,Detroit Lions,New Orleans Saints,28,13,31,44,319,0,3,1,7,7.4,7.1,70.5,62.6,12,50,4.2,1,2,2,1,1,4,162,6,13,0,0,23:08
2016,14,Sun,December 11,W,0,Detroit Lions,Chicago Bears,20,17,20,32,204,1,0,1,8,6.6,6.2,62.5,91.1,17,92,5.4,0,1,1,2,2,4,188,4,10,0,1,25:43
2016,15,Sun,December 18,L,0,Detroit Lions,New York Giants,6,17,20,28,186,2,0,2,15,7.2,6.2,71.4,113.1,32,114,3.6,0,1,1,2,2,7,298,7,15,0,0,30:16
2016,16,Mon,December 26,L,0,Detroit Lions,Dallas Cowboys,21,42,16,21,211,4,0,1,11,10.6,9.6,76.2,147.0,30,164,5.5,2,0,0,6,6,4,189,4,8,0,0,29:17
2016,17,Sun,January 1,L,0,Detroit Lions,Green Bay Packers,24,31,27,39,295,4,0,1,5,7.7,7.4,69.2,125.5,31,153,4.9,0,1,1,2,3,5,186,7,13,0,0,34:09
2016,1,Sun,September 11,W,0,Green Bay Packers,Jacksonville Jaguars,27,23,24,39,300,1,1,3,20,8.2,7.1,61.5,83.3,26,48,1.8,1,3,3,2,2,2,125,4,15,3,4,31:23
2016,2,Sun,September 18,L,0,Green Bay Packers,Minnesota Vikings,14,17,22,31,254,2,0,4,32,9.2,7.3,71.0,116.9,22,30,1.4,0,1,1,2,2,7,273,4,14,1,2,30:18
2016,3,Sun,September 25,W,0,Green Bay Packers,Detroit Lions,34,27,28,41,368,3,1,3,17,9.4,8.4,68.3,110.6,23,50,2.2,0,2,3,3,3,2,95,8,14,1,1,35:07
2016,5,Sun,October 9,W,0,Green Bay Packers,New York Giants,23,16,18,35,178,1,0,4,21,5.7,4.6,51.4,75.7,15,43,2.9,0,3,3,1,1,6,235,4,13,0,0,23:22
2016,6,Sun,October 16,L,0,Green Bay Packers,Dallas Cowboys,16,30,18,27,233,3,1,2,14,9.1,8.0,66.7,115.2,33,191,5.8,0,3,3,3,3,2,83,3,11,1,1,29:50
2016,7,Thu,October 20,W,0,Green Bay Packers,Chicago Bears,26,10,10,26,120,0,2,1,10,5.0,4.4,38.5,21.3,18,69,3.8,0,1,1,1,1,5,225,2,8,0,0,20:24
2016,8,Sun,October 30,L,0,Green Bay Packers,Atlanta Falcons,32,33,28,35,277,3,0,2,11,8.2,7.5,80.0,128.2,19,90,4.7,1,2,2,3,3,2,101,4,9,1,1,28:43
2016,9,Sun,November 6,L,0,Green Bay Packers,Indianapolis Colts,26,31,23,36,270,1,2,2,11,7.8,7.1,63.9,72.7,28,85,3.0,2,1,1,4,4,4,222,7,14,0,0,30:03
2016,10,Sun,November 13,L,0,Green Bay Packers,Tennessee Titans,25,47,20,27,292,5,0,1,13,11.3,10.4,74.1,148.5,31,154,5.0,1,2,2,5,5,4,166,7,14,0,1,29:31
2016,11,Sun,November 20,L,0,Green Bay Packers,Washington Redskins,24,42,21,30,364,3,0,2,11,12.5,11.4,70.0,144.3,30,151,5.0,3,1,1,3,4,3,114,9,14,1,1,29:37
2016,12,Mon,November 28,W,0,Green Bay Packers,Philadelphia Eagles,27,13,24,36,211,0,1,4,43,7.1,5.3,66.7,70.5,18,81,4.5,1,2,2,1,1,2,71,5,11,0,1,24:37
2016,13,Sun,December 4,W,0,Green Bay Packers,Houston Texans,21,13,22,35,184,2,0,2,18,5.8,5.0,62.9,95.4,27,123,4.6,0,0,0,1,2,5,205,6,15,1,2,31:31
2016,14,Sun,December 11,W,0,Green Bay Packers,Seattle Seahawks,38,10,22,39,218,1,5,3,22,6.2,5.2,56.4,41.3,26,136,5.2,0,1,1,1,1,4,136,6,12,0,1,31:50
2016,15,Sun,December 18,W,0,Green Bay Packers,Chicago Bears,30,27,30,43,354,2,3,1,8,8.4,8.0,69.8,81.0,19,95,5.0,1,2,2,3,3,2,88,3,8,0,0,27:13
2016,16,Sat,December 24,W,0,Green Bay Packers,Minnesota Vikings,38,25,34,50,353,3,0,4,29,7.6,6.5,68.0,108.2,20,93,4.7,0,2,2,1,2,5,186,5,15,3,3,31:01
2016,17,Sun,January 1,W,0,Green Bay Packers,Detroit Lions,31,24,26,41,332,2,1,2,15,8.5,7.7,63.4,94.8,21,76,3.6,1,1,2,3,3,4,200,5,12,0,0,25:51
2016,1,Sun,September 11,W,0,Houston Texans,Chicago Bears,23,14,16,29,185,1,1,5,31,7.4,5.4,55.2,71.8,20,73,3.7,1,0,0,2,2,7,296,4,13,0,2,23:41
2016,2,Sun,September 18,W,0,Houston Texans,Kansas City Chiefs,19,12,20,37,172,0,0,4,14,5.0,4.2,54.1,66.5,19,119,6.3,0,4,4,0,0,6,285,3,14,0,0,26:01
2016,3,Thu,September 22,L,0,Houston Texans,New England Patriots,0,27,11,19,97,0,0,1,6,5.4,4.9,57.9,71.6,39,185,4.7,3,2,2,3,3,7,333,4,14,0,0,28:38
2016,4,Sun,October 2,W,0,Houston Texans,Tennessee Titans,27,20,13,29,196,0,1,1,6,7.0,6.5,44.8,53.2,32,124,3.9,2,2,2,2,2,5,257,7,15,0,1,31:42
2016,5,Sun,October 9,L,0,Houston Texans,Minnesota Vikings,13,31,22,30,255,2,0,2,16,9.0,8.0,73.3,120.8,37,96,2.6,1,1,1,4,4,5,231,7,14,0,0,37:28
2016,6,Sun,October 16,W,1,Houston Texans,Indianapolis Colts,26,23,21,32,231,1,1,3,21,7.9,6.6,65.6,84.2,32,161,5.0,1,3,3,2,2,5,227,5,14,0,1,36:33
2016,7,Mon,October 24,L,0,Houston Texans,Denver Broncos,9,27,14,25,157,1,0,0,0,6.3,6.3,56.0,88.2,35,190,5.4,2,2,2,3,3,6,255,3,11,0,0,30:38
2016,8,Sun,October 30,W,0,Houston Texans,Detroit Lions,20,13,27,41,231,1,0,1,9,5.9,5.5,65.9,88.6,14,58,4.1,0,2,3,1,1,5,223,3,11,0,1,26:02
2016,10,Sun,November 13,W,0,Houston Texans,Jacksonville Jaguars,24,21,32,49,247,2,1,2,18,5.4,4.8,65.3,82.6,22,80,3.6,0,2,2,1,1,3,115,10,17,0,1,32:10
2016,11,Mon,November 21,L,0,Houston Texans,Oakland Raiders,20,27,21,31,295,3,1,0,0,9.5,9.5,67.7,117.0,20,30,1.5,0,2,2,3,3,3,159,4,11,1,2,23:33
2016,12,Sun,November 27,L,0,Houston Texans,San Diego Chargers,13,21,22,30,235,3,1,1,7,8.1,7.6,73.3,115.3,18,67,3.7,0,0,1,3,3,6,292,4,11,0,0,29:59
2016,13,Sun,December 4,L,0,Houston Texans,Green Bay Packers,13,21,20,30,200,2,0,1,9,7.0,6.5,66.7,107.6,26,109,4.2,1,0,0,3,3,5,215,4,12,1,2,28:29
2016,14,Sun,December 11,W,0,Houston Texans,Indianapolis Colts,22,17,24,45,265,2,2,1,11,6.1,5.8,53.3,67.4,15,83,5.5,0,1,2,2,2,2,81,5,12,0,1,23:55
2016,15,Sun,December 18,W,0,Houston Texans,Jacksonville Jaguars,21,20,12,28,83,0,1,2,9,3.3,2.8,42.9,35.4,20,67,3.4,1,2,2,2,2,6,315,3,13,0,1,23:18
2016,16,Sat,December 24,W,0,Houston Texans,Cincinnati Bengals,12,10,28,41,244,1,1,3,24,6.5,5.5,68.3,81.8,19,50,2.6,0,1,2,1,1,8,366,7,16,1,1,28:54
2016,17,Sun,January 1,L,0,Houston Texans,Tennessee Titans,17,24,16,26,133,1,1,4,17,5.8,4.4,61.5,71.5,29,103,3.6,1,1,1,3,3,5,211,9,15,0,0,30:52
2016,1,Sun,September 11,L,0,Indianapolis Colts,Detroit Lions,35,39,31,39,332,3,0,1,8,8.7,8.3,79.5,127.8,24,116,4.8,2,1,1,4,5,4,235,5,9,0,0,30:36
2016,2,Sun,September 18,L,0,Indianapolis Colts,Denver Broncos,20,34,22,33,266,0,1,1,0,8.1,7.8,66.7,78.6,31,134,4.3,1,4,5,2,2,2,98,5,11,0,0,30:41
2016,3,Sun,September 25,W,0,Indianapolis Colts,San Diego Chargers,26,22,26,39,315,0,0,2,11,8.4,7.7,66.7,91.3,17,37,2.2,1,3,3,1,2,3,121,4,11,0,0,27:17
2016,4,Sun,October 2,L,0,Indianapolis Colts,Jacksonville Jaguars,27,30,19,33,195,2,0,3,12,6.3,5.4,57.6,94.9,29,136,4.7,1,3,3,3,3,5,269,3,11,1,1,27:21
2016,5,Sun,October 9,W,0,Indianapolis Colts,Chicago Bears,29,23,33,43,397,2,0,0,0,9.2,9.2,76.7,120.0,19,125,6.6,0,3,4,2,2,2,92,2,9,0,1,30:05
2016,6,Sun,October 16,L,1,Indianapolis Colts,Houston Texans,23,26,25,39,256,2,1,1,13,6.9,6.4,64.1,89.3,28,158,5.6,1,2,2,2,3,5,202,5,11,0,0,30:17
2016,7,Sun,October 23,W,0,Indianapolis Colts,Tennessee Titans,34,26,22,37,207,2,0,3,25,6.3,5.2,59.5,93.0,28,124,4.4,1,2,2,2,2,4,188,9,15,0,0,27:30
2016,8,Sun,October 30,L,0,Indianapolis Colts,Kansas City Chiefs,14,30,25,41,334,3,0,3,16,8.5,7.6,61.0,111.2,27,88,3.3,0,3,4,3,3,5,245,7,16,0,0,33:36
2016,9,Sun,November 6,W,0,Indianapolis Colts,Green Bay Packers,31,26,26,43,289,3,1,3,8,6.9,6.3,60.5,94.0,19,116,6.1,0,2,3,2,2,4,193,4,12,0,0,29:57
2016,11,Sun,November 20,W,0,Indianapolis Colts,Tennessee Titans,24,17,25,38,254,2,0,5,36,7.6,5.9,65.8,102.3,27,97,3.6,0,1,1,2,2,5,219,5,14,1,3,31:01
2016,12,Thu,November 24,L,0,Indianapolis Colts,Pittsburgh Steelers,7,28,14,21,221,3,0,0,0,10.5,10.5,66.7,141.1,29,148,5.1,1,0,0,4,4,4,177,7,11,0,0,28:15
2016,13,Mon,December 5,W,0,Indianapolis Colts,New York Jets,41,10,16,37,214,1,3,1,2,5.8,5.6,43.2,37.4,14,36,2.6,0,1,1,1,1,5,230,3,11,1,2,21:36
2016,14,Sun,December 11,L,0,Indianapolis Colts,Houston Texans,17,22,14,24,131,0,1,2,16,6.1,5.0,58.3,56.1,41,185,4.5,1,5,5,1,1,3,156,5,14,0,0,36:05
2016,15,Sun,December 18,W,0,Indianapolis Colts,Minnesota Vikings,34,6,32,42,248,0,1,5,43,6.9,5.3,76.2,80.3,9,34,3.8,0,2,2,0,0,3,146,3,9,0,1,22:58
2016,16,Sat,December 24,L,0,Indianapolis Colts,Oakland Raiders,25,33,23,34,253,3,0,1,8,7.7,7.2,67.6,118.9,37,210,5.7,2,0,0,3,5,5,235,9,15,0,0,36:05
2016,17,Sun,January 1,W,0,Indianapolis Colts,Jacksonville Jaguars,24,20,25,39,288,1,0,2,13,7.7,7.0,64.1,94.8,30,182,6.1,1,2,4,2,2,4,188,4,14,0,0,29:36
2016,1,Sun,September 11,L,0,Jacksonville Jaguars,Green Bay Packers,23,27,20,34,199,2,0,1,0,5.9,5.7,58.8,95.1,25,95,3.8,1,2,2,3,3,4,184,7,14,1,1,28:37
2016,2,Sun,September 18,L,0,Jacksonville Jaguars,San Diego Chargers,14,38,17,25,207,4,0,3,13,8.8,7.4,68.0,132.8,35,150,4.3,1,1,1,5,5,4,173,7,13,0,0,34:52
2016,3,Sun,September 25,L,0,Jacksonville Jaguars,Baltimore Ravens,17,19,29,40,199,0,2,2,15,5.4,4.7,72.5,62.4,22,84,3.8,1,4,4,1,1,5,243,3,13,1,1,31:06
2016,4,Sun,October 2,W,0,Jacksonville Jaguars,Indianapolis Colts,30,27,27,42,190,2,1,6,44,5.6,4.0,64.3,80.5,25,94,3.8,1,2,2,3,3,3,149,9,17,0,2,32:39
2016,6,Sun,October 16,W,0,Jacksonville Jaguars,Chicago Bears,17,16,30,49,297,0,0,1,5,6.2,5.9,61.2,78.4,27,92,3.4,1,3,3,1,1,6,261,7,17,0,1,35:47
2016,7,Sun,October 23,L,0,Jacksonville Jaguars,Oakland Raiders,16,33,23,37,200,1,0,0,0,5.4,5.4,62.2,85.4,34,144,4.2,2,4,4,3,3,5,273,8,18,1,1,33:27
2016,8,Thu,October 27,L,0,Jacksonville Jaguars,Tennessee Titans,22,36,19,23,280,2,0,0,0,12.2,12.2,82.6,146.4,43,214,5.0,2,3,3,3,4,4,155,9,15,0,0,34:25
2016,9,Sun,November 6,L,0,Jacksonville Jaguars,Kansas City Chiefs,14,19,20,33,169,1,0,2,18,5.7,4.8,60.6,84.0,22,62,2.8,0,4,4,1,1,7,353,1,14,1,1,30:21
2016,10,Sun,November 13,L,0,Jacksonville Jaguars,Houston Texans,21,24,14,27,92,2,0,1,7,3.7,3.3,51.9,84.2,33,181,5.5,0,1,3,3,3,3,138,7,15,0,1,27:50
2016,11,Sun,November 20,L,0,Jacksonville Jaguars,Detroit Lions,19,26,24,33,263,0,0,3,15,8.4,7.3,72.7,95.9,21,14,0.7,1,2,2,2,3,6,291,5,14,0,0,27:05
2016,12,Sun,November 27,L,0,Jacksonville Jaguars,Buffalo Bills,21,28,12,18,151,1,0,5,15,9.2,6.6,66.7,111.1,29,153,5.3,3,0,0,2,3,6,264,5,12,1,1,26:25
2016,13,Sun,December 4,L,0,Jacksonville Jaguars,Denver Broncos,10,20,12,24,102,0,0,2,2,4.3,3.9,50.0,61.5,28,104,3.7,1,2,2,2,2,11,506,1,13,0,0,25:26
2016,14,Sun,December 11,L,0,Jacksonville Jaguars,Minnesota Vikings,16,25,24,34,292,1,0,0,0,8.6,8.6,70.6,106.5,29,85,2.9,1,4,4,1,2,1,42,3,11,0,1,30:56
2016,15,Sun,December 18,L,0,Jacksonville Jaguars,Houston Texans,20,21,29,47,308,0,2,0,0,6.6,6.6,61.7,63.1,31,79,2.5,1,4,4,1,1,5,226,4,14,0,1,36:42
2016,16,Sat,December 24,W,0,Jacksonville Jaguars,Tennessee Titans,38,17,21,44,205,2,1,3,18,5.1,4.4,47.7,67.0,20,58,2.9,0,1,1,2,2,7,313,5,14,0,1,27:29
2016,17,Sun,January 1,L,0,Jacksonville Jaguars,Indianapolis Colts,20,24,24,41,290,2,1,4,31,7.8,6.4,58.5,86.4,22,94,4.3,1,1,2,3,3,5,203,2,10,1,1,30:24
2016,1,Sun,September 11,W,1,Kansas City Chiefs,San Diego Chargers,33,27,25,36,233,1,0,1,10,6.8,6.3,69.4,96.2,32,155,4.8,2,2,3,3,3,5,178,7,15,0,0,34:01
2016,2,Sun,September 18,L,0,Kansas City Chiefs,Houston Texans,12,19,19,33,254,1,2,2,14,8.1,7.3,57.6,67.0,34,97,2.9,0,4,5,1,1,5,249,4,15,1,1,33:59
2016,3,Sun,September 25,W,0,Kansas City Chiefs,New York Jets,24,3,20,44,188,0,6,0,0,4.3,4.3,45.5,18.2,22,117,5.3,0,1,1,0,0,2,86,7,14,1,2,27:55
2016,4,Sun,October 2,L,0,Kansas City Chiefs,Pittsburgh Steelers,14,43,22,27,287,5,0,2,13,11.1,9.9,81.5,150.5,26,149,5.7,1,0,0,5,5,5,211,6,11,0,0,29:24
2016,6,Sun,October 16,W,0,Kansas City Chiefs,Oakland Raiders,26,10,22,34,221,1,1,2,4,6.6,6.1,64.7,80.6,17,64,3.8,0,1,2,1,1,3,159,4,10,0,2,23:15
2016,7,Sun,October 23,W,0,Kansas City Chiefs,New Orleans Saints,27,21,37,48,359,3,1,1,8,7.6,7.3,77.1,109.6,22,104,4.7,0,0,0,3,3,4,193,9,14,0,0,32:38
2016,8,Sun,October 30,W,0,Kansas City Chiefs,Indianapolis Colts,30,14,19,35,172,2,1,6,38,6.0,4.2,54.3,74.9,21,105,5.0,0,0,0,2,2,7,347,4,13,1,2,26:24
2016,9,Sun,November 6,W,0,Kansas City Chiefs,Jacksonville Jaguars,19,14,22,41,244,2,1,2,8,6.1,5.7,53.7,77.7,32,205,6.4,0,0,1,2,2,4,167,5,13,0,2,29:39
2016,10,Sun,November 13,W,0,Kansas City Chiefs,Carolina Panthers,20,17,23,38,242,1,1,2,19,6.9,6.1,60.5,76.9,29,99,3.4,1,1,1,2,2,5,223,6,14,1,1,35:12
2016,11,Sun,November 20,L,0,Kansas City Chiefs,Tampa Bay Buccaneers,17,19,24,39,326,1,0,1,5,8.5,8.2,61.5,96.7,34,116,3.4,0,4,4,1,1,2,80,11,16,0,0,35:18
2016,12,Sun,November 27,W,1,Kansas City Chiefs,Denver Broncos,30,27,20,34,340,3,0,5,28,10.8,8.7,58.8,122.2,38,124,3.3,0,2,3,3,3,6,271,9,20,1,1,37:19
2016,13,Sun,December 4,W,0,Kansas City Chiefs,Atlanta Falcons,29,28,22,34,290,1,1,2,7,8.7,8.1,64.7,89.1,30,128,4.3,2,3,3,1,1,1,46,6,10,0,1,31:52
2016,14,Thu,December 8,W,0,Kansas City Chiefs,Oakland Raiders,21,13,17,41,109,0,0,1,8,2.9,2.6,41.5,49.1,31,135,4.4,1,2,2,1,1,8,348,5,18,1,3,31:45
2016,15,Sun,December 18,L,0,Kansas City Chiefs,Tennessee Titans,17,19,19,33,241,0,1,1,0,7.3,7.1,57.6,67.9,29,148,5.1,2,2,2,1,1,4,142,6,14,1,1,30:35
2016,16,Sun,December 25,W,0,Kansas City Chiefs,Denver Broncos,33,10,17,43,183,0,1,0,0,4.3,4.3,39.5,43.1,14,63,4.5,1,1,1,1,1,7,326,4,15,1,2,21:59
2016,17,Sun,January 1,W,0,Kansas City Chiefs,San Diego Chargers,37,27,22,38,269,2,2,0,0,7.1,7.1,57.9,75.4,26,129,5.0,0,2,2,3,3,1,49,3,10,2,2,29:12
2016,1,Sun,September 11,W,0,Las Vegas Raiders,New Orleans Saints,35,34,28,42,419,4,0,1,4,10.1,9.7,66.7,131.0,22,88,4.0,0,2,4,4,4,2,95,4,11,1,1,29:35
2016,2,Sun,September 18,L,0,Las Vegas Raiders,Atlanta Falcons,28,35,26,34,389,3,1,1,7,11.6,11.1,76.5,130.6,29,139,4.8,1,2,2,3,3,3,132,5,10,0,0,27:15
2016,3,Sun,September 25,W,0,Las Vegas Raiders,Tennessee Titans,17,10,17,33,212,0,2,1,2,6.5,6.2,51.5,46.5,29,181,6.2,1,1,1,1,1,6,311,2,12,0,1,30:57
2016,4,Sun,October 2,W,0,Las Vegas Raiders,Baltimore Ravens,28,27,32,52,282,1,0,2,16,5.7,5.2,61.5,82.4,26,130,5.0,2,2,2,1,1,7,342,5,17,1,2,34:44
2016,5,Sun,October 9,W,0,Las Vegas Raiders,San Diego Chargers,34,31,21,30,351,4,2,2,8,12.0,11.0,70.0,121.0,19,72,3.8,0,1,1,4,4,1,16,2,8,0,1,23:42
2016,6,Sun,October 16,L,0,Las Vegas Raiders,Kansas City Chiefs,10,26,19,23,223,0,0,1,1,9.7,9.3,82.6,107.1,40,183,4.6,3,2,3,2,3,3,122,7,13,0,0,36:45
2016,7,Sun,October 23,W,0,Las Vegas Raiders,Jacksonville Jaguars,33,16,23,43,239,1,2,1,7,5.7,5.4,53.5,58.2,16,105,6.6,0,3,3,1,1,5,239,4,13,0,0,26:33
2016,8,Sun,October 30,W,1,Las Vegas Raiders,Tampa Bay Buccaneers,30,24,16,32,168,2,0,2,12,5.6,4.9,50.0,86.5,27,102,3.8,1,1,1,1,2,8,384,4,13,0,0,29:03
2016,9,Sun,November 6,W,0,Las Vegas Raiders,Denver Broncos,30,20,18,37,266,2,1,2,17,7.6,6.8,48.6,79.3,12,33,2.8,0,2,2,2,2,6,267,3,11,0,1,18:32
2016,11,Mon,November 21,W,0,Las Vegas Raiders,Houston Texans,27,20,26,39,230,1,1,2,13,6.2,5.6,66.7,80.1,33,124,3.8,1,2,2,2,2,3,156,8,16,1,2,36:27
2016,12,Sun,November 27,W,0,Las Vegas Raiders,Carolina Panthers,35,32,14,29,229,2,1,2,17,8.5,7.4,48.3,83.8,25,129,5.2,3,0,0,2,3,6,280,3,10,0,1,26:23
2016,13,Sun,December 4,W,0,Las Vegas Raiders,Buffalo Bills,38,24,18,35,170,0,1,4,21,5.5,4.4,51.4,53.3,30,212,7.1,3,1,1,3,3,5,199,9,15,0,0,30:15
2016,14,Thu,December 8,L,0,Las Vegas Raiders,Kansas City Chiefs,13,21,17,26,258,1,1,1,6,10.2,9.6,65.4,94.7,27,65,2.4,1,0,0,3,3,5,168,5,11,0,1,28:15
2016,15,Sun,December 18,W,0,Las Vegas Raiders,San Diego Chargers,19,16,17,30,190,2,1,3,16,6.9,5.8,56.7,84.0,22,73,3.3,0,1,1,1,2,5,274,8,15,0,1,27:43
2016,16,Sat,December 24,W,0,Las Vegas Raiders,Indianapolis Colts,33,25,19,29,288,2,2,0,0,9.9,9.9,65.5,92.3,24,102,4.3,1,1,1,2,2,2,100,4,8,0,1,23:55
2016,17,Sun,January 1,L,0,Las Vegas Raiders,Denver Broncos,6,24,17,27,206,2,1,0,0,7.6,7.6,63.0,95.6,40,143,3.6,1,1,2,3,3,5,224,5,15,1,3,35:25
2016,1,Sun,September 11,L,1,Los Angeles Chargers,Kansas City Chiefs,27,33,34,48,330,2,1,3,33,7.6,6.5,70.8,95.0,19,83,4.4,2,2,2,3,3,5,197,5,14,2,2,31:06
2016,2,Sun,September 18,W,0,Los Angeles Chargers,Jacksonville Jaguars,38,14,31,50,319,2,2,2,10,6.6,6.1,62.0,77.0,11,69,6.3,0,0,1,2,2,4,179,2,11,1,2,25:08
2016,3,Sun,September 25,L,0,Los Angeles Chargers,Indianapolis Colts,22,26,24,37,317,1,1,2,14,8.9,8.1,64.9,89.6,26,93,3.6,2,2,2,2,2,3,121,2,9,1,1,32:43
2016,4,Sun,October 2,L,0,Los Angeles Chargers,New Orleans Saints,34,35,23,36,192,2,2,2,15,5.8,5.1,63.9,72.9,34,83,2.4,3,0,0,5,5,5,256,11,18,1,1,32:39
2016,5,Sun,October 9,L,0,Los Angeles Chargers,Oakland Raiders,31,34,25,40,300,2,1,3,17,7.9,7.0,62.5,91.7,25,89,3.6,1,4,5,2,2,3,139,5,14,1,1,36:18
2016,6,Thu,October 13,W,0,Los Angeles Chargers,Denver Broncos,21,13,30,50,220,1,0,2,10,4.6,4.2,60.0,77.1,16,84,5.3,0,2,3,1,1,5,221,6,15,0,1,26:32
2016,7,Sun,October 23,W,1,Los Angeles Chargers,Atlanta Falcons,33,30,22,34,256,1,1,3,17,8.0,6.9,64.7,84.9,26,130,5.0,1,3,4,3,3,2,101,6,12,0,1,30:30
2016,8,Sun,October 30,L,0,Los Angeles Chargers,Denver Broncos,19,27,20,38,267,0,1,1,9,7.3,6.8,52.6,64.3,25,57,2.3,2,2,2,3,3,5,253,5,15,0,1,26:52
2016,9,Sun,November 6,W,0,Los Angeles Chargers,Tennessee Titans,43,35,27,43,313,3,2,0,0,7.3,7.3,62.8,88.6,19,80,4.2,2,0,0,5,5,4,182,5,11,1,1,23:31
2016,10,Sun,November 13,L,0,Los Angeles Chargers,Miami Dolphins,24,31,17,24,231,2,0,1,9,10.0,9.2,70.8,129.0,25,106,4.2,1,1,1,4,4,5,258,4,10,0,0,27:01
2016,12,Sun,November 27,W,0,Los Angeles Chargers,Houston Texans,21,13,22,37,239,0,3,1,7,6.6,6.3,59.5,44.8,27,114,4.2,1,2,2,1,1,4,189,4,11,1,2,30:01
2016,13,Sun,December 4,L,0,Los Angeles Chargers,Tampa Bay Buccaneers,21,28,20,30,268,1,1,1,12,9.3,8.6,66.7,92.1,30,81,2.7,1,2,3,2,2,2,108,5,13,1,1,31:41
2016,14,Sun,December 11,L,0,Los Angeles Chargers,Carolina Panthers,16,28,10,27,146,1,1,2,14,5.9,5.0,37.0,52.4,38,126,3.3,1,4,4,2,2,5,215,5,15,1,1,32:37
2016,15,Sun,December 18,L,0,Los Angeles Chargers,Oakland Raiders,16,19,19,30,200,1,1,2,13,7.1,6.3,63.3,79.9,29,145,5.0,0,4,4,1,1,3,153,4,13,0,0,32:17
2016,16,Sat,December 24,L,0,Los Angeles Chargers,Cleveland Browns,17,20,19,28,127,0,0,9,48,6.3,3.4,67.9,77.5,29,124,4.3,2,2,2,2,2,6,258,6,15,1,1,32:29
2016,17,Sun,January 1,L,0,Los Angeles Chargers,Kansas City Chiefs,27,37,21,28,262,2,1,1,2,9.4,9.0,75.0,112.5,31,103,3.3,1,3,3,4,4,1,44,8,12,0,0,30:48
2016,1,Mon,September 12,L,0,Los Angeles Rams,San Francisco 49ers,0,28,22,35,170,1,0,0,0,4.9,4.9,62.9,84.2,42,150,3.6,3,0,0,4,4,7,319,8,17,1,2,32:10
2016,2,Sun,September 18,W,0,Los Angeles Rams,Seattle Seahawks,9,3,22,35,239,0,0,2,15,7.3,6.5,62.9,82.9,24,67,2.8,0,1,1,0,0,7,309,4,13,0,0,30:03
2016,3,Sun,September 25,W,0,Los Angeles Rams,Tampa Bay Buccaneers,37,32,36,58,389,3,1,2,16,7.0,6.5,62.1,91.8,22,83,3.8,1,0,1,2,3,4,191,8,16,2,2,33:36
2016,4,Sun,October 2,W,0,Los Angeles Rams,Arizona Cardinals,17,13,27,47,302,1,3,3,23,6.9,6.0,57.4,57.2,25,118,4.7,0,2,2,1,1,4,169,6,13,0,0,32:09
2016,5,Sun,October 9,L,0,Los Angeles Rams,Buffalo Bills,19,30,12,23,112,2,0,2,12,5.4,4.5,52.2,94.8,27,193,7.1,1,1,1,3,4,6,276,4,12,0,0,24:26
2016,6,Sun,October 16,L,0,Los Angeles Rams,Detroit Lions,28,31,23,31,265,4,0,1,5,8.7,8.3,74.2,139.1,26,83,3.2,0,1,1,4,4,2,104,6,11,2,2,32:12
2016,7,Sun,October 23,L,0,Los Angeles Rams,New York Giants,10,17,24,37,196,0,0,0,0,5.3,5.3,64.9,78.2,20,36,1.8,1,1,1,2,2,8,398,4,19,0,0,24:57
2016,9,Sun,November 6,L,0,Los Angeles Rams,Carolina Panthers,10,13,20,32,185,1,0,5,40,7.0,5.0,62.5,88.7,25,59,2.4,0,2,3,1,1,6,282,6,15,0,0,34:12
2016,10,Sun,November 13,W,0,Los Angeles Rams,New York Jets,9,6,19,32,157,1,1,1,6,5.1,4.8,59.4,69.4,25,139,5.6,0,0,0,0,1,8,342,4,12,0,0,25:31
2016,11,Sun,November 20,L,0,Los Angeles Rams,Miami Dolphins,10,14,24,34,142,2,1,4,30,5.1,3.7,70.6,85.7,19,98,5.2,0,0,0,2,2,10,453,1,11,0,0,28:41
2016,12,Sun,November 27,L,0,Los Angeles Rams,New Orleans Saints,21,49,29,37,346,5,0,2,14,9.7,8.9,78.4,145.2,32,209,6.5,2,0,0,7,7,4,179,6,13,2,2,35:56
2016,13,Sun,December 4,L,0,Los Angeles Rams,New England Patriots,10,26,33,46,269,1,0,0,0,5.8,5.8,71.7,93.5,29,133,4.6,1,4,4,2,2,6,247,4,16,2,2,37:57
2016,14,Sun,December 11,L,0,Los Angeles Rams,Atlanta Falcons,14,42,18,30,220,3,0,2,17,7.9,6.9,60.0,116.0,25,66,2.6,1,0,0,6,6,8,415,4,13,0,0,27:08
2016,15,Thu,December 15,L,0,Los Angeles Rams,Seattle Seahawks,3,24,19,26,227,3,1,2,2,8.8,8.1,73.1,121.8,30,72,2.4,0,1,1,3,3,3,108,7,15,1,1,32:31
2016,16,Sat,December 24,L,0,Los Angeles Rams,San Francisco 49ers,21,22,28,37,253,2,1,4,13,7.2,6.2,75.7,100.4,29,70,2.4,1,0,0,2,2,9,372,6,16,1,1,31:03
2016,17,Sun,January 1,L,0,Los Angeles Rams,Arizona Cardinals,6,44,22,42,260,3,2,1,3,6.3,6.0,52.4,75.5,24,84,3.5,1,3,3,5,5,4,147,4,14,1,2,27:58
2016,1,Sun,September 11,L,0,Miami Dolphins,Seattle Seahawks,10,12,27,43,240,1,1,3,18,6.0,5.2,62.8,75.7,32,112,3.5,0,2,2,0,1,6,253,5,16,2,3,34:32
2016,2,Sun,September 18,L,0,Miami Dolphins,New England Patriots,24,31,24,35,302,3,0,2,22,9.3,8.2,68.6,123.7,38,161,4.2,1,1,2,4,4,4,128,7,14,0,0,36:46
2016,3,Sun,September 25,W,1,Miami Dolphins,Cleveland Browns,30,24,24,38,261,0,0,4,18,7.3,6.2,63.2,83.3,32,169,5.3,1,3,6,1,1,5,223,4,15,0,0,37:22
2016,4,Thu,September 29,L,0,Miami Dolphins,Cincinnati Bengals,7,22,22,31,285,1,0,1,11,9.5,8.9,71.0,110.3,37,77,2.1,0,5,5,1,1,4,184,3,15,1,1,38:02
2016,5,Sun,October 9,L,0,Miami Dolphins,Tennessee Titans,17,30,20,29,163,3,0,0,0,5.6,5.6,69.0,117.5,41,235,5.7,1,1,1,3,4,5,175,5,12,0,1,36:44
2016,6,Sun,October 16,W,0,Miami Dolphins,Pittsburgh Steelers,30,15,19,35,169,1,2,2,20,5.4,4.6,54.3,53.2,16,128,8.0,1,0,0,1,1,5,180,3,11,0,1,23:30
2016,7,Sun,October 23,W,0,Miami Dolphins,Buffalo Bills,28,25,14,28,200,1,0,4,21,7.9,6.3,50.0,85.4,22,67,3.0,2,1,1,2,2,7,316,3,13,0,0,22:58
2016,9,Sun,November 6,W,0,Miami Dolphins,New York Jets,27,23,18,29,191,1,2,3,22,7.3,6.0,62.1,64.0,21,140,6.7,1,3,3,2,2,3,121,3,11,0,0,29:38
2016,10,Sun,November 13,W,0,Miami Dolphins,San Diego Chargers,31,24,23,44,309,3,4,3,17,7.4,6.6,52.3,59.8,24,70,2.9,0,1,1,3,3,4,199,6,11,0,0,32:59
2016,11,Sun,November 20,W,0,Miami Dolphins,Los Angeles Rams,14,10,17,31,125,0,0,1,9,4.3,3.9,54.8,64.6,28,102,3.6,1,1,2,1,1,8,364,2,13,1,1,31:19
2016,12,Sun,November 27,W,0,Miami Dolphins,San Francisco 49ers,31,24,29,46,282,3,1,2,14,6.4,5.9,63.0,92.8,25,193,7.7,0,1,1,3,3,4,189,7,14,2,2,29:28
2016,13,Sun,December 4,L,0,Miami Dolphins,Baltimore Ravens,6,38,37,50,386,4,1,0,0,7.7,7.7,74.0,114.2,20,110,5.5,1,1,1,5,5,3,93,5,11,2,2,29:14
2016,14,Sun,December 11,W,0,Miami Dolphins,Arizona Cardinals,26,23,18,33,125,2,2,3,20,4.4,3.5,54.5,58.3,27,175,6.5,1,1,2,0,2,5,236,4,13,0,0,29:56
2016,15,Sat,December 17,W,0,Miami Dolphins,New York Jets,34,13,25,46,244,1,3,3,22,5.8,5.0,54.3,49.5,23,116,5.0,0,2,2,1,1,4,119,5,15,0,3,32:32
2016,16,Sat,December 24,W,1,Miami Dolphins,Buffalo Bills,34,31,26,39,317,3,0,2,12,8.4,7.7,66.7,117.1,49,272,5.6,1,1,3,4,4,4,169,8,18,1,2,40:33
2016,17,Sun,January 1,L,0,Miami Dolphins,New England Patriots,14,35,25,34,276,3,0,0,0,8.1,8.1,73.5,126.6,29,120,4.1,1,2,3,3,3,3,146,7,12,0,0,31:22
2016,1,Sun,September 11,W,0,Minnesota Vikings,Tennessee Titans,25,16,25,41,252,2,1,2,19,6.6,5.9,61.0,84.6,22,64,2.9,0,1,1,1,1,5,231,8,14,0,0,30:25
2016,2,Sun,September 18,W,0,Minnesota Vikings,Green Bay Packers,17,14,20,36,180,1,1,5,33,5.9,4.4,55.6,66.9,23,83,3.6,1,0,0,2,2,5,193,6,13,0,1,29:42
2016,3,Sun,September 25,W,0,Minnesota Vikings,Carolina Panthers,22,10,22,36,201,0,3,8,64,7.4,4.6,61.1,41.6,28,105,3.8,1,1,2,1,1,4,189,6,16,0,2,34:52
2016,4,Mon,October 3,W,0,Minnesota Vikings,New York Giants,24,10,25,45,261,0,1,0,0,5.8,5.8,55.6,63.3,18,78,4.3,1,1,1,1,1,6,280,2,12,0,2,24:28
2016,5,Sun,October 9,W,0,Minnesota Vikings,Houston Texans,31,13,19,42,155,1,1,4,29,4.4,3.4,45.2,53.2,14,59,4.2,0,2,3,1,1,5,257,1,13,0,1,22:32
2016,7,Sun,October 23,L,0,Minnesota Vikings,Philadelphia Eagles,10,21,16,28,138,1,2,0,0,4.9,4.9,57.1,52.4,26,101,3.9,0,2,2,1,1,4,202,4,11,1,1,27:52
2016,8,Mon,October 31,L,0,Minnesota Vikings,Chicago Bears,10,20,20,31,245,1,0,1,7,8.1,7.7,64.5,99.5,29,158,5.4,1,2,2,2,2,5,222,7,14,0,0,32:41
2016,9,Sun,November 6,L,1,Minnesota Vikings,Detroit Lions,16,22,23,36,214,2,1,1,5,6.1,5.8,63.9,87.0,25,97,3.9,0,3,3,1,1,5,262,7,14,0,0,33:31
2016,10,Sun,November 13,L,0,Minnesota Vikings,Washington Redskins,20,26,22,33,260,2,0,1,2,7.9,7.6,66.7,110.7,28,128,4.6,0,4,4,2,2,2,92,6,12,0,0,29:56
2016,11,Sun,November 20,W,0,Minnesota Vikings,Arizona Cardinals,30,24,20,38,155,2,2,4,43,5.2,3.7,52.6,58.6,28,135,4.8,1,1,1,3,3,5,224,4,13,0,1,31:02
2016,12,Thu,November 24,L,0,Minnesota Vikings,Detroit Lions,13,16,23,40,214,1,0,2,18,5.8,5.1,57.5,80.6,19,94,4.9,0,3,3,1,1,4,168,6,14,0,2,28:29
2016,13,Thu,December 1,L,0,Minnesota Vikings,Dallas Cowboys,15,17,12,18,124,1,0,3,15,7.7,5.9,66.7,104.9,28,140,5.0,1,1,1,2,2,6,277,1,9,0,0,26:43
2016,14,Sun,December 11,W,0,Minnesota Vikings,Jacksonville Jaguars,25,16,23,37,230,1,0,4,27,6.9,5.6,62.2,88.8,24,85,3.5,0,3,5,1,1,4,163,7,16,1,1,29:04
2016,15,Sun,December 18,L,0,Minnesota Vikings,Indianapolis Colts,6,34,21,28,250,2,0,0,0,8.9,8.9,75.0,125.6,40,161,4.0,2,2,2,4,4,3,127,7,13,0,1,37:02
2016,16,Sat,December 24,L,0,Minnesota Vikings,Green Bay Packers,25,38,28,39,308,4,0,4,39,8.9,7.2,71.8,129.0,15,40,2.7,1,1,1,5,5,6,259,6,13,0,0,28:59
2016,17,Sun,January 1,W,0,Minnesota Vikings,Chicago Bears,38,10,13,20,140,1,2,2,9,7.5,6.4,65.0,62.5,37,183,4.9,0,1,1,1,1,3,143,2,9,1,2,29:48
2016,1,Sun,September 11,W,0,New England Patriots,Arizona Cardinals,23,21,24,37,252,2,0,3,19,7.3,6.3,64.9,102.5,19,92,4.8,1,0,1,3,3,5,180,6,12,0,0,26:01
2016,2,Sun,September 18,W,0,New England Patriots,Miami Dolphins,31,24,32,45,387,2,2,0,0,8.6,8.6,71.1,93.5,16,70,4.4,1,1,1,3,3,4,199,5,10,0,1,23:14
2016,3,Thu,September 22,W,0,New England Patriots,Houston Texans,27,0,24,41,175,0,1,2,21,4.8,4.1,58.5,58.5,27,109,4.0,0,0,0,0,0,6,294,6,15,0,3,31:22
2016,4,Sun,October 2,L,0,New England Patriots,Buffalo Bills,0,16,27,39,244,1,0,2,2,6.3,6.0,69.2,94.4,32,134,4.2,0,3,4,1,1,4,163,7,15,0,0,36:11
2016,5,Sun,October 9,W,0,New England Patriots,Cleveland Browns,33,13,20,35,235,2,1,2,14,7.1,6.4,57.1,84.8,22,27,1.2,0,0,0,1,1,6,267,5,13,0,1,25:21
2016,6,Sun,October 16,W,0,New England Patriots,Cincinnati Bengals,35,17,21,31,237,1,0,2,17,8.2,7.2,67.7,101.1,32,120,3.8,1,1,1,2,2,4,164,5,12,1,2,32:03
2016,7,Sun,October 23,W,0,New England Patriots,Pittsburgh Steelers,27,16,29,47,281,1,1,0,0,6.0,6.0,61.7,76.6,22,94,4.3,0,3,5,1,1,4,195,5,16,1,2,32:29
2016,8,Sun,October 30,W,0,New England Patriots,Buffalo Bills,41,25,20,40,209,0,0,2,9,5.5,5.0,50.0,65.5,26,167,6.4,3,1,2,2,2,3,131,4,13,2,4,30:09
2016,10,Sun,November 13,L,0,New England Patriots,Seattle Seahawks,24,31,25,37,324,3,0,3,24,9.4,8.1,67.6,121.9,26,96,3.7,0,4,4,1,2,2,105,6,12,0,0,30:25
2016,11,Sun,November 20,W,0,New England Patriots,San Francisco 49ers,30,17,16,30,177,2,0,5,29,6.9,5.1,53.3,93.3,27,122,4.5,0,1,1,2,2,8,333,5,14,0,0,30:48
2016,12,Sun,November 27,W,0,New England Patriots,New York Jets,22,17,22,32,269,2,0,1,0,8.4,8.2,68.8,115.2,23,64,2.8,0,1,2,2,2,4,178,5,11,0,0,29:24
2016,13,Sun,December 4,W,0,New England Patriots,Los Angeles Rams,26,10,14,32,126,1,2,4,35,5.0,3.5,43.8,39.3,13,36,2.8,0,1,1,1,1,8,430,1,12,1,1,22:03
2016,14,Mon,December 12,W,0,New England Patriots,Baltimore Ravens,30,23,37,52,306,2,1,2,18,6.2,5.7,71.2,90.7,14,42,3.0,0,3,4,2,2,6,289,6,16,0,0,30:46
2016,15,Sun,December 18,W,0,New England Patriots,Denver Broncos,16,3,25,40,251,0,1,4,31,7.1,5.7,62.5,69.9,17,58,3.4,0,1,1,0,0,7,325,2,12,0,1,26:24
2016,16,Sat,December 24,W,0,New England Patriots,New York Jets,41,3,8,24,128,0,3,2,8,5.7,4.9,33.3,12.5,29,111,3.8,0,1,2,0,0,4,180,1,11,2,3,25:17
2016,17,Sun,January 1,W,0,New England Patriots,Miami Dolphins,35,14,24,34,205,2,1,0,0,6.0,6.0,70.6,93.4,23,75,3.3,0,0,0,2,2,5,206,7,12,0,0,28:38
2016,1,Sun,September 11,L,0,New Orleans Saints,Oakland Raiders,34,35,24,38,319,1,0,0,0,8.4,8.4,63.2,98.5,26,167,6.4,3,2,2,1,1,4,199,4,11,0,0,30:25
2016,2,Sun,September 18,L,0,New Orleans Saints,New York Giants,13,16,32,41,353,0,0,2,15,9.0,8.2,78.0,102.5,32,64,2.0,0,3,4,1,1,2,116,7,15,0,1,34:07
2016,3,Mon,September 26,L,0,New Orleans Saints,Atlanta Falcons,32,45,20,30,225,2,0,2,15,8.0,7.0,66.7,111.1,31,217,7.0,3,1,1,6,6,2,90,5,11,2,2,27:26
2016,4,Sun,October 2,W,0,New Orleans Saints,San Diego Chargers,35,34,28,43,308,2,1,3,13,7.5,6.7,65.1,92.0,21,38,1.8,2,2,2,4,4,4,176,6,13,0,1,27:21
2016,6,Sun,October 16,W,0,New Orleans Saints,Carolina Panthers,41,38,27,47,303,2,1,2,19,6.9,6.2,57.4,82.1,27,103,3.8,3,1,1,3,4,5,242,3,11,1,1,31:05
2016,7,Sun,October 23,L,0,New Orleans Saints,Kansas City Chiefs,21,27,17,24,214,2,0,0,0,8.9,8.9,70.8,126.0,28,112,4.0,0,2,2,3,3,4,191,3,9,0,0,27:22
2016,8,Sun,October 30,W,0,New Orleans Saints,Seattle Seahawks,25,20,23,36,285,0,1,1,11,8.2,7.7,63.9,76.7,17,74,4.4,1,2,2,2,2,3,146,5,11,0,1,23:48
2016,9,Sun,November 6,W,0,New Orleans Saints,San Francisco 49ers,41,23,24,39,393,2,1,1,5,10.2,9.8,61.5,101.8,17,93,5.5,0,3,3,2,2,2,85,2,9,0,2,21:07
2016,10,Sun,November 13,L,0,New Orleans Saints,Denver Broncos,23,25,25,40,234,2,2,6,24,6.5,5.1,62.5,74.4,37,103,2.8,0,3,4,2,2,3,124,11,19,0,0,39:22
2016,11,Thu,November 17,L,0,New Orleans Saints,Carolina Panthers,20,23,14,33,173,1,0,2,19,5.8,4.9,42.4,69.4,27,50,1.9,1,3,3,2,2,6,280,7,17,0,0,27:45
2016,12,Sun,November 27,W,0,New Orleans Saints,Los Angeles Rams,49,21,20,32,178,3,1,3,36,6.7,5.1,62.5,95.6,17,69,4.1,0,0,0,3,3,6,294,2,10,0,1,24:04
2016,13,Sun,December 4,L,0,New Orleans Saints,Detroit Lions,13,28,30,42,337,2,0,2,4,8.1,7.7,71.4,110.9,23,85,3.7,0,5,5,1,1,2,85,5,12,0,0,36:52
2016,14,Sun,December 11,L,0,New Orleans Saints,Tampa Bay Buccaneers,11,16,16,26,166,0,0,2,18,7.1,5.9,61.5,80.0,35,104,3.0,1,3,3,1,1,4,185,6,13,0,0,33:15
2016,15,Sun,December 18,W,0,New Orleans Saints,Arizona Cardinals,48,41,28,40,309,2,0,1,9,8.0,7.5,70.0,109.3,15,116,7.7,3,0,1,5,6,2,68,5,10,1,1,22:47
2016,16,Sat,December 24,W,0,New Orleans Saints,Tampa Bay Buccaneers,31,24,23,35,260,2,2,2,17,7.9,7.0,65.7,83.0,21,89,4.2,1,1,1,3,3,3,153,7,12,0,0,28:24
2016,17,Sun,January 1,L,0,New Orleans Saints,Atlanta Falcons,32,38,27,36,323,4,0,1,8,9.2,8.7,75.0,139.0,22,142,6.5,1,1,1,5,5,4,185,6,11,0,0,29:45
2016,1,Sun,September 11,W,0,New York Giants,Dallas Cowboys,20,19,25,45,227,0,0,0,0,5.0,5.0,55.6,69.4,30,101,3.4,1,4,4,1,1,3,147,10,17,0,0,36:43
2016,2,Sun,September 18,W,0,New York Giants,New Orleans Saints,16,13,29,44,247,1,0,2,16,6.0,5.4,65.9,88.0,13,41,3.2,0,2,3,1,1,7,383,3,13,0,0,25:53
2016,3,Sun,September 25,L,0,New York Giants,Washington Redskins,27,29,22,36,313,2,0,2,14,9.1,8.2,61.1,107.8,30,90,3.0,0,5,5,2,2,2,91,7,16,1,1,33:26
2016,4,Mon,October 3,L,0,New York Giants,Minnesota Vikings,10,24,26,36,262,1,0,0,0,7.3,7.3,72.2,101.9,33,104,3.2,2,1,2,3,3,6,264,8,16,0,0,35:32
2016,5,Sun,October 9,L,0,New York Giants,Green Bay Packers,16,23,23,45,259,2,2,0,0,5.8,5.8,51.1,65.0,32,147,4.6,0,3,3,2,2,4,146,9,19,0,0,36:38
2016,6,Sun,October 16,W,0,New York Giants,Baltimore Ravens,27,23,26,48,293,0,0,2,14,6.4,5.9,54.2,72.7,26,98,3.8,2,3,3,2,2,5,239,5,18,1,2,35:04
2016,7,Sun,October 23,W,0,New York Giants,Los Angeles Rams,17,10,32,53,271,1,4,3,20,5.5,4.8,60.4,48.5,20,74,3.7,0,1,1,1,1,7,322,9,19,1,1,35:03
2016,9,Sun,November 6,W,0,New York Giants,Philadelphia Eagles,28,23,27,47,347,0,2,2,17,7.7,7.1,57.4,63.0,25,96,3.8,2,3,4,2,2,3,141,3,15,1,4,32:40
2016,10,Mon,November 14,W,0,New York Giants,Cincinnati Bengals,21,20,16,29,186,1,1,3,18,7.0,5.8,55.2,71.9,23,78,3.4,1,2,2,2,2,7,336,2,11,0,0,28:37
2016,11,Sun,November 20,W,0,New York Giants,Chicago Bears,22,16,17,30,222,1,1,4,30,8.4,6.5,56.7,77.4,25,93,3.7,1,1,2,1,2,6,289,4,12,0,0,30:29
2016,12,Sun,November 27,W,0,New York Giants,Cleveland Browns,27,13,25,44,285,1,0,7,37,7.3,5.6,56.8,84.0,21,58,2.8,0,2,2,1,1,8,362,3,14,1,2,33:51
2016,13,Sun,December 4,L,0,New York Giants,Pittsburgh Steelers,14,24,24,37,272,2,1,2,17,7.8,7.0,64.9,93.5,30,117,3.9,0,3,3,1,1,4,148,7,15,1,1,34:08
2016,14,Sun,December 11,W,0,New York Giants,Dallas Cowboys,10,7,17,37,152,1,2,3,13,4.5,3.8,45.9,44.0,25,108,4.3,0,0,1,1,1,9,384,1,15,1,2,29:08
2016,15,Sun,December 18,W,0,New York Giants,Detroit Lions,17,6,24,39,268,0,1,1,5,7.0,6.7,61.5,71.3,19,56,2.9,0,2,2,0,0,6,275,5,14,0,0,29:44
2016,16,Thu,December 22,L,0,New York Giants,Philadelphia Eagles,19,24,14,25,168,1,1,0,0,6.7,6.7,56.0,73.4,30,118,3.9,1,1,1,3,3,5,237,4,12,0,1,25:56
2016,17,Sun,January 1,W,0,New York Giants,Washington Redskins,19,10,22,35,246,1,2,4,41,8.2,6.3,62.9,69.5,15,38,2.5,0,1,2,1,1,7,348,4,12,0,0,24:08
2016,1,Sun,September 11,L,0,New York Jets,Cincinnati Bengals,22,23,23,30,324,1,1,7,42,12.2,8.8,76.7,108.2,19,57,3.0,1,3,4,2,2,3,144,3,11,0,0,25:07
2016,2,Thu,September 15,W,0,New York Jets,Buffalo Bills,37,31,19,31,307,3,1,0,0,9.9,9.9,61.3,113.2,19,86,4.5,0,1,1,4,4,3,118,3,10,1,2,20:48
2016,3,Sun,September 25,L,0,New York Jets,Kansas City Chiefs,3,24,25,33,221,1,0,2,16,7.2,6.3,75.8,103.2,27,72,2.7,0,1,1,3,3,4,172,7,15,0,1,32:05
2016,4,Sun,October 2,L,0,New York Jets,Seattle Seahawks,17,27,23,32,288,3,0,2,21,9.7,8.5,71.9,130.7,26,66,2.5,0,2,2,3,3,5,203,3,10,0,0,30:45
2016,5,Sun,October 9,L,0,New York Jets,Pittsburgh Steelers,13,31,34,47,375,4,0,1,5,8.1,7.8,72.3,124.0,24,61,2.5,0,1,1,4,4,3,139,5,10,0,1,31:50
2016,6,Mon,October 17,L,0,New York Jets,Arizona Cardinals,3,28,24,35,225,1,0,0,0,6.4,6.4,68.6,95.5,35,171,4.9,3,0,0,4,4,5,200,6,11,0,0,36:02
2016,7,Sun,October 23,W,0,New York Jets,Baltimore Ravens,24,16,25,44,234,0,2,2,14,5.6,5.1,56.8,52.7,11,11,1.0,0,3,3,1,1,6,305,3,14,0,1,23:23
2016,8,Sun,October 30,W,0,New York Jets,Cleveland Browns,31,28,27,51,339,2,2,1,6,6.8,6.5,52.9,70.6,18,68,3.8,1,2,2,2,2,5,207,8,16,0,0,26:19
2016,9,Sun,November 6,L,0,New York Jets,Miami Dolphins,23,27,17,29,137,1,0,1,12,5.1,4.6,58.6,82.1,32,137,4.3,1,2,2,3,3,3,120,5,11,0,1,30:22
2016,10,Sun,November 13,L,0,New York Jets,Los Angeles Rams,6,9,17,30,155,0,0,3,10,5.5,4.7,56.7,70.8,34,125,3.7,0,3,3,0,0,7,362,6,17,0,0,34:29
2016,12,Sun,November 27,L,0,New York Jets,New England Patriots,17,22,30,50,286,2,0,0,0,5.7,5.7,60.0,89.2,21,91,4.3,0,3,4,1,1,4,183,4,14,1,1,30:36
2016,13,Mon,December 5,L,0,New York Jets,Indianapolis Colts,10,41,23,29,282,4,0,1,7,10.0,9.4,79.3,146.8,40,139,3.5,1,2,2,5,5,2,95,7,13,0,1,38:24
2016,14,Sun,December 11,W,1,New York Jets,San Francisco 49ers,23,17,15,26,116,1,0,2,17,5.1,4.1,57.7,81.6,27,248,9.2,1,1,3,2,2,6,239,2,12,0,1,24:30
2016,15,Sat,December 17,L,0,New York Jets,Miami Dolphins,13,34,12,18,236,4,1,1,0,13.1,12.4,66.7,126.2,27,67,2.5,0,0,0,4,5,6,257,5,12,0,0,27:28
2016,16,Sat,December 24,L,0,New York Jets,New England Patriots,3,41,18,29,211,3,0,1,9,7.6,7.0,62.1,118.6,40,114,2.9,2,2,2,5,5,4,187,11,18,0,0,34:43
2016,17,Sun,January 1,W,0,New York Jets,Buffalo Bills,30,10,15,31,162,0,1,3,20,5.9,4.8,48.4,50.7,28,68,2.4,1,1,1,1,1,6,254,6,16,0,1,28:33
2016,1,Sun,September 11,W,0,Philadelphia Eagles,Cleveland Browns,29,10,12,26,168,0,1,3,22,7.3,5.8,46.2,51.4,21,120,5.7,1,1,1,1,1,5,251,2,10,0,2,20:40
2016,2,Mon,September 19,W,0,Philadelphia Eagles,Chicago Bears,29,14,21,29,220,0,1,3,15,8.1,6.9,72.4,79.7,18,64,3.6,1,0,1,2,2,4,151,4,10,0,1,23:55
2016,3,Sun,September 25,W,0,Philadelphia Eagles,Pittsburgh Steelers,34,3,24,44,222,0,1,4,35,5.8,4.6,54.5,59.1,10,29,2.9,0,1,2,0,0,3,165,4,11,0,2,25:04
2016,5,Sun,October 9,L,0,Philadelphia Eagles,Detroit Lions,23,24,19,25,164,3,0,4,16,7.2,5.7,76.0,132.3,27,80,3.0,0,1,1,3,3,3,159,3,9,2,2,30:24
2016,6,Sun,October 16,L,0,Philadelphia Eagles,Washington Redskins,20,27,18,34,263,2,1,0,0,7.7,7.7,52.9,85.8,33,230,7.0,1,2,2,3,3,4,211,7,13,0,0,34:13
2016,7,Sun,October 23,W,0,Philadelphia Eagles,Minnesota Vikings,21,10,24,41,189,1,1,6,35,5.5,4.0,58.5,68.0,27,93,3.4,0,1,1,1,1,4,181,9,19,1,3,32:08
2016,8,Sun,October 30,L,1,Philadelphia Eagles,Dallas Cowboys,23,29,19,40,273,2,1,2,14,7.2,6.5,47.5,76.4,34,187,5.5,1,3,3,2,2,5,222,4,14,2,2,33:57
2016,9,Sun,November 6,L,0,Philadelphia Eagles,New York Giants,23,28,22,36,248,4,2,1,9,7.1,6.7,61.1,95.6,24,54,2.3,0,0,0,4,4,7,322,4,13,0,1,27:20
2016,10,Sun,November 13,W,0,Philadelphia Eagles,Atlanta Falcons,24,15,18,33,255,1,1,2,12,8.1,7.3,54.5,77.2,13,48,3.7,0,3,4,0,1,4,162,2,11,0,1,21:50
2016,11,Sun,November 20,L,0,Philadelphia Eagles,Seattle Seahawks,15,26,19,32,287,2,0,1,0,9.0,8.7,59.4,109.8,30,152,5.1,1,2,3,2,3,6,279,5,15,0,0,28:54
2016,12,Mon,November 28,L,0,Philadelphia Eagles,Green Bay Packers,13,27,30,39,313,2,0,0,0,8.0,8.0,76.9,116.7,28,74,2.6,1,2,2,3,3,1,43,10,14,1,1,35:23
2016,13,Sun,December 4,L,0,Philadelphia Eagles,Cincinnati Bengals,14,32,23,31,332,2,0,0,0,10.7,10.7,74.2,130.0,33,80,2.4,1,4,4,2,3,1,49,7,14,0,0,28:02
2016,14,Sun,December 11,L,0,Philadelphia Eagles,Washington Redskins,22,27,14,21,227,2,1,2,7,11.1,9.9,66.7,114.6,23,107,4.7,2,0,1,3,3,3,141,2,7,1,1,23:22
2016,15,Sun,December 18,L,0,Philadelphia Eagles,Baltimore Ravens,26,27,16,30,189,2,1,3,17,6.9,5.7,53.3,81.1,24,151,6.3,1,2,2,3,3,4,197,4,11,0,0,23:22
2016,16,Thu,December 22,W,0,Philadelphia Eagles,New York Giants,24,19,38,63,356,1,3,0,0,5.7,5.7,60.3,61.3,25,114,4.6,0,4,4,1,1,3,145,10,22,1,2,34:04
2016,17,Sun,January 1,W,0,Philadelphia Eagles,Dallas Cowboys,27,13,16,29,126,1,2,3,25,5.2,3.9,55.2,48.9,21,69,3.3,0,2,2,1,1,5,195,5,12,0,0,24:18
2016,1,Mon,September 12,W,0,Pittsburgh Steelers,Washington Redskins,38,16,30,43,329,0,2,0,0,7.7,7.7,69.8,72.7,12,55,4.6,1,3,3,1,1,1,27,3,10,0,2,26:42
2016,2,Sun,September 18,W,0,Pittsburgh Steelers,Cincinnati Bengals,24,16,31,54,366,1,0,1,0,6.8,6.7,57.4,84.3,18,46,2.6,0,3,3,1,1,9,407,4,16,1,1,27:05
2016,3,Sun,September 25,L,0,Pittsburgh Steelers,Philadelphia Eagles,3,34,23,31,301,2,0,0,0,9.7,9.7,74.2,125.9,30,125,4.2,2,2,2,4,4,4,165,4,10,0,0,34:56
2016,4,Sun,October 2,W,0,Pittsburgh Steelers,Kansas City Chiefs,43,14,30,50,270,2,1,4,17,5.7,5.0,60.0,79.6,18,87,4.8,0,0,1,2,2,6,257,8,17,2,3,30:36
2016,5,Sun,October 9,W,0,Pittsburgh Steelers,New York Jets,31,13,25,38,244,1,0,3,11,6.7,6.0,65.8,92.4,17,72,4.2,0,2,2,1,1,6,260,2,11,0,1,28:10
2016,6,Sun,October 16,L,0,Pittsburgh Steelers,Miami Dolphins,15,30,24,32,252,0,0,0,0,7.9,7.9,75.0,97.4,36,222,6.2,3,3,5,3,3,2,77,7,14,0,0,36:30
2016,7,Sun,October 23,L,0,Pittsburgh Steelers,New England Patriots,16,27,19,26,222,2,0,0,0,8.5,8.5,73.1,124.2,29,140,4.8,2,0,0,3,4,5,203,7,12,0,0,27:31
2016,9,Sun,November 6,L,0,Pittsburgh Steelers,Baltimore Ravens,14,21,19,31,224,1,1,3,26,8.1,6.6,61.3,80.6,29,50,1.7,0,2,2,1,1,9,380,4,17,0,0,32:10
2016,10,Sun,November 13,L,0,Pittsburgh Steelers,Dallas Cowboys,30,35,22,32,295,2,0,2,24,10.0,8.7,68.8,118.6,25,127,5.1,2,3,3,2,2,3,145,7,13,0,0,30:24
2016,11,Sun,November 20,W,0,Pittsburgh Steelers,Cleveland Browns,24,9,21,41,176,1,1,8,70,6.0,3.6,51.2,60.6,13,33,2.5,0,1,1,0,1,3,139,4,15,5,5,26:02
2016,12,Thu,November 24,W,0,Pittsburgh Steelers,Indianapolis Colts,28,7,23,37,219,1,2,3,21,6.5,5.5,62.2,65.0,23,91,4.0,0,0,1,1,1,2,92,8,15,2,4,31:45
2016,13,Sun,December 4,W,0,Pittsburgh Steelers,New York Giants,24,14,24,39,178,2,2,2,17,5.0,4.3,61.5,68.1,14,56,4.0,0,0,0,2,2,4,177,4,11,0,3,25:52
2016,14,Sun,December 11,W,0,Pittsburgh Steelers,Buffalo Bills,27,20,15,25,208,2,1,5,20,9.1,6.9,60.0,96.7,18,67,3.7,1,0,0,2,3,6,270,3,9,0,0,21:19
2016,15,Sun,December 18,W,0,Pittsburgh Steelers,Cincinnati Bengals,24,20,16,27,146,0,1,1,11,5.8,5.2,59.3,58.6,28,76,2.7,2,2,2,2,2,3,141,6,12,1,1,27:28
2016,16,Sun,December 25,W,0,Pittsburgh Steelers,Baltimore Ravens,31,27,30,44,246,1,1,2,16,6.0,5.3,68.2,80.3,26,122,4.7,1,4,4,1,1,3,109,9,17,0,1,34:37
2016,17,Sun,January 1,W,1,Pittsburgh Steelers,Cleveland Browns,27,24,29,40,206,2,1,4,26,5.8,4.7,72.5,90.2,33,231,7.0,1,1,2,3,3,4,190,8,15,0,0,38:54
2016,1,Mon,September 12,W,0,San Francisco 49ers,Los Angeles Rams,28,0,17,35,120,0,2,2,10,3.7,3.2,48.6,33.0,23,65,2.8,0,0,0,0,0,10,431,3,15,1,2,27:50
2016,2,Sun,September 18,L,0,San Francisco 49ers,Carolina Panthers,27,46,24,40,353,4,1,1,0,8.8,8.6,60.0,111.8,37,176,4.8,0,4,4,4,5,3,123,7,15,0,0,35:54
2016,3,Sun,September 25,L,0,San Francisco 49ers,Seattle Seahawks,18,37,22,32,291,2,1,2,17,9.6,8.6,68.8,105.1,31,127,4.1,2,3,3,4,4,2,102,9,14,0,0,35:57
2016,4,Sun,October 2,L,0,San Francisco 49ers,Dallas Cowboys,17,24,23,32,234,2,0,2,11,7.7,6.9,71.9,113.3,39,194,5.0,1,1,2,3,3,4,221,6,14,0,0,36:27
2016,5,Thu,October 6,L,0,San Francisco 49ers,Arizona Cardinals,21,33,11,28,116,2,0,1,8,4.4,4.0,39.3,75.9,37,172,4.6,2,1,1,4,4,9,382,5,16,0,0,31:44
2016,6,Sun,October 16,L,0,San Francisco 49ers,Buffalo Bills,16,45,16,27,179,2,0,3,0,6.6,6.0,59.3,103.8,44,313,7.1,4,1,1,6,6,3,152,8,13,0,0,35:11
2016,7,Sun,October 23,L,0,San Francisco 49ers,Tampa Bay Buccaneers,17,34,21,30,264,3,1,2,5,9.0,8.3,70.0,116.5,41,249,6.1,1,2,3,4,4,3,117,6,14,0,1,33:49
2016,9,Sun,November 6,L,0,San Francisco 49ers,New Orleans Saints,23,41,28,39,323,3,0,1,0,8.3,8.1,71.8,122.1,42,248,5.9,2,2,3,5,5,4,210,11,17,0,0,38:53
2016,10,Sun,November 13,L,0,San Francisco 49ers,Arizona Cardinals,20,23,30,49,363,1,2,2,13,7.7,7.1,61.2,73.8,23,80,3.5,1,3,3,2,2,4,177,7,14,0,0,32:18
2016,11,Sun,November 20,L,0,San Francisco 49ers,New England Patriots,17,30,24,40,273,4,0,1,7,7.0,6.7,60.0,113.9,30,171,5.7,0,1,1,3,4,5,216,8,16,1,1,29:12
2016,12,Sun,November 27,L,0,San Francisco 49ers,Miami Dolphins,24,31,20,30,263,3,0,2,22,9.5,8.2,66.7,127.5,26,95,3.7,1,1,1,4,4,5,209,6,12,0,0,30:32
2016,13,Sun,December 4,L,0,San Francisco 49ers,Chicago Bears,6,26,11,18,184,0,0,1,8,10.7,9.7,61.1,95.6,40,142,3.6,3,1,1,3,3,6,233,6,14,0,0,31:18
2016,14,Sun,December 11,L,1,San Francisco 49ers,New York Jets,17,23,23,35,216,0,1,6,41,7.3,5.3,65.7,70.7,40,188,4.7,2,3,3,0,0,6,237,8,18,1,1,41:55
2016,15,Sun,December 18,L,0,San Francisco 49ers,Atlanta Falcons,13,41,18,24,302,2,0,1,0,12.6,12.1,75.0,144.4,41,248,6.0,3,2,2,5,5,2,67,5,9,0,0,36:01
2016,16,Sat,December 24,W,0,San Francisco 49ers,Los Angeles Rams,22,21,11,24,78,1,2,4,12,3.8,2.8,45.8,33.0,29,99,3.4,2,0,0,3,3,8,368,4,13,1,1,28:57
2016,17,Sun,January 1,L,0,San Francisco 49ers,Seattle Seahawks,23,25,23,38,289,1,0,2,11,7.9,7.2,60.5,93.0,25,87,3.5,1,4,4,1,2,4,184,3,12,0,1,29:34
2016,1,Sun,September 11,W,0,Seattle Seahawks,Miami Dolphins,12,10,16,29,150,0,0,5,36,6.4,4.4,55.2,69.6,20,64,3.2,1,1,2,1,1,7,327,3,13,0,1,25:28
2016,2,Sun,September 18,L,0,Seattle Seahawks,Los Angeles Rams,3,9,18,30,219,0,0,3,20,8.0,6.6,60.0,82.5,25,64,2.6,0,3,3,0,0,6,237,3,12,0,0,29:57
2016,3,Sun,September 25,W,0,Seattle Seahawks,San Francisco 49ers,37,18,14,25,119,0,1,0,0,4.8,4.8,56.0,51.9,31,135,4.4,2,1,2,1,1,7,319,4,15,1,1,24:03
2016,4,Sun,October 2,W,0,Seattle Seahawks,New York Jets,27,17,23,41,247,1,3,4,14,6.4,5.5,56.1,51.6,20,58,2.9,0,1,1,2,2,5,202,7,15,1,1,29:15
2016,6,Sun,October 16,W,0,Seattle Seahawks,Atlanta Falcons,26,24,27,42,310,3,1,4,25,8.0,6.7,64.3,100.3,18,52,2.9,0,1,1,3,3,4,165,3,11,1,2,29:51
2016,7,Sun,October 23,T,1,Seattle Seahawks,Arizona Cardinals,6,6,29,49,311,0,0,4,31,7.0,5.9,59.2,77.8,37,132,3.6,0,2,4,0,0,7,229,10,21,0,1,46:21
2016,8,Sun,October 30,L,0,Seattle Seahawks,New Orleans Saints,20,25,27,35,252,1,0,2,13,7.6,6.8,77.1,105.9,35,123,3.5,1,4,4,1,1,2,92,9,15,0,0,36:12
2016,9,Mon,November 7,W,0,Seattle Seahawks,Buffalo Bills,31,25,27,39,263,1,1,5,26,7.4,6.0,69.2,85.7,38,162,4.3,2,1,2,2,2,3,98,12,17,0,1,40:17
2016,10,Sun,November 13,W,0,Seattle Seahawks,New England Patriots,31,24,23,32,304,0,1,2,12,9.9,8.9,71.9,88.5,28,81,2.9,3,1,1,3,3,2,92,6,10,0,1,29:35
2016,11,Sun,November 20,W,0,Seattle Seahawks,Philadelphia Eagles,26,15,23,45,195,2,2,2,23,4.8,4.1,51.1,59.0,26,113,4.3,0,0,0,1,1,7,344,6,16,1,3,31:06
2016,12,Sun,November 27,L,0,Seattle Seahawks,Tampa Bay Buccaneers,5,14,21,28,220,2,1,0,0,7.9,7.9,75.0,106.3,35,118,3.4,0,0,1,2,2,4,160,4,11,0,0,33:39
2016,13,Sun,December 4,W,0,Seattle Seahawks,Carolina Panthers,40,7,14,33,182,1,1,0,0,5.5,5.5,42.4,57.9,21,89,4.2,0,0,0,1,1,6,254,5,12,0,1,25:59
2016,14,Sun,December 11,L,0,Seattle Seahawks,Green Bay Packers,10,38,18,25,237,3,0,1,9,9.8,9.1,72.0,141.2,30,93,3.1,2,1,2,5,5,4,154,4,11,0,1,28:10
2016,15,Thu,December 15,W,0,Seattle Seahawks,Los Angeles Rams,24,3,18,35,136,0,0,4,31,4.8,3.5,51.4,61.1,17,47,2.8,0,1,1,0,0,4,216,3,12,0,4,27:29
2016,16,Sat,December 24,L,0,Seattle Seahawks,Arizona Cardinals,31,34,16,27,276,1,0,1,8,10.5,9.9,59.3,106.4,29,94,3.2,3,2,3,4,4,5,222,1,9,0,0,26:18
2016,17,Sun,January 1,W,0,Seattle Seahawks,San Francisco 49ers,25,23,17,22,191,1,0,5,24,9.8,7.1,77.3,117.8,31,62,2.0,2,0,0,3,3,6,289,2,11,2,3,30:26
2016,1,Sun,September 11,W,0,Tampa Bay Buccaneers,Atlanta Falcons,31,24,27,39,322,2,0,3,12,8.6,7.7,69.2,111.3,22,52,2.4,0,3,3,1,1,5,193,3,13,1,2,32:23
2016,2,Sun,September 18,L,0,Tampa Bay Buccaneers,Arizona Cardinals,7,40,18,34,311,3,0,1,4,9.3,8.9,52.9,113.7,30,105,3.5,1,2,2,4,5,6,279,6,14,0,0,29:03
2016,3,Sun,September 25,L,0,Tampa Bay Buccaneers,Los Angeles Rams,32,37,14,26,183,2,1,1,7,7.3,6.8,53.8,85.9,33,137,4.2,2,1,1,4,4,5,256,6,13,0,0,26:24
2016,4,Sun,October 2,L,0,Tampa Bay Buccaneers,Denver Broncos,7,27,19,31,218,2,0,4,20,7.7,6.2,61.3,104.0,32,89,2.8,1,2,2,3,3,7,330,3,13,0,0,31:24
2016,5,Mon,October 10,W,0,Tampa Bay Buccaneers,Carolina Panthers,17,14,18,28,278,0,2,0,0,9.9,9.9,64.3,67.3,25,136,5.4,2,0,1,2,2,4,177,1,8,1,1,25:51
2016,7,Sun,October 23,W,0,Tampa Bay Buccaneers,San Francisco 49ers,34,17,16,34,113,1,1,4,30,4.2,3.0,47.1,52.7,28,160,5.7,1,1,1,2,2,6,254,6,15,1,1,26:11
2016,8,Sun,October 30,L,1,Tampa Bay Buccaneers,Oakland Raiders,24,30,40,59,498,4,0,2,15,8.7,8.2,67.8,116.3,24,128,5.3,0,1,3,3,3,6,240,7,18,1,1,44:12
2016,9,Thu,November 3,L,0,Tampa Bay Buccaneers,Atlanta Falcons,28,43,25,34,325,4,0,2,19,10.1,9.0,73.5,142.4,34,136,4.0,1,3,3,4,4,0,0,6,10,0,0,33:28
2016,10,Sun,November 13,W,0,Tampa Bay Buccaneers,Chicago Bears,36,10,16,30,161,1,2,4,21,6.1,4.7,53.3,52.2,20,122,6.1,0,1,1,1,1,5,218,2,11,0,0,22:51
2016,11,Sun,November 20,W,0,Tampa Bay Buccaneers,Kansas City Chiefs,19,17,24,31,261,1,1,0,0,8.4,8.4,77.4,99.0,21,82,3.9,1,1,1,2,2,3,130,4,8,0,0,24:42
2016,12,Sun,November 27,W,0,Tampa Bay Buccaneers,Seattle Seahawks,14,5,17,33,118,0,2,6,33,4.6,3.0,51.5,34.7,22,127,5.8,0,1,1,0,0,7,330,1,11,1,1,26:21
2016,13,Sun,December 4,W,0,Tampa Bay Buccaneers,San Diego Chargers,28,21,15,26,211,2,2,2,14,8.7,7.5,57.7,77.6,25,119,4.8,1,0,1,3,3,3,127,4,8,0,0,28:19
2016,14,Sun,December 11,W,0,Tampa Bay Buccaneers,New Orleans Saints,16,11,25,41,248,0,3,1,9,6.3,5.9,61.0,47.6,16,46,2.9,0,3,3,0,0,4,205,4,13,1,2,26:45
2016,15,Sun,December 18,L,0,Tampa Bay Buccaneers,Dallas Cowboys,20,26,32,36,264,0,0,3,15,7.8,6.8,88.9,97.2,32,185,5.8,2,4,6,2,2,2,82,5,13,0,0,36:04
2016,16,Sat,December 24,L,0,Tampa Bay Buccaneers,New Orleans Saints,24,31,23,34,294,1,0,2,5,8.8,8.2,67.6,104.3,31,123,4.0,2,3,3,2,2,3,124,5,12,0,0,31:36
2016,17,Sun,January 1,W,0,Tampa Bay Buccaneers,Carolina Panthers,17,16,18,32,207,1,3,3,30,7.4,5.9,56.3,47.3,32,128,4.0,1,1,4,1,1,4,164,4,15,2,2,32:24
2016,1,Sun,September 11,L,0,Tennessee Titans,Minnesota Vikings,16,25,18,33,236,0,0,0,0,7.2,7.2,54.5,77.3,28,65,2.3,0,4,6,1,2,3,113,6,14,0,0,29:35
2016,2,Sun,September 18,W,0,Tennessee Titans,Detroit Lions,16,15,22,40,238,1,1,4,22,6.5,5.4,55.0,70.6,23,137,6.0,0,2,2,1,1,5,217,7,16,0,0,29:09
2016,3,Sun,September 25,L,0,Tennessee Titans,Oakland Raiders,10,17,21,35,245,1,1,1,4,7.1,6.8,60.0,78.9,25,123,4.9,1,1,1,2,2,7,326,5,13,0,0,29:03
2016,4,Sun,October 2,L,0,Tennessee Titans,Houston Texans,20,27,25,37,244,2,2,1,10,6.9,6.4,67.6,81.4,24,115,4.8,0,2,3,3,3,3,150,5,12,0,1,28:18
2016,5,Sun,October 9,W,0,Tennessee Titans,Miami Dolphins,30,17,12,18,149,0,2,6,42,10.6,6.2,66.7,52.5,17,51,3.0,1,1,1,2,2,6,298,4,11,0,0,23:16
2016,6,Sun,October 16,W,0,Tennessee Titans,Cleveland Browns,28,26,27,42,301,2,0,6,36,8.0,6.3,64.3,101.4,15,40,2.7,1,2,2,2,2,7,356,3,14,2,2,28:59
2016,7,Sun,October 23,L,0,Tennessee Titans,Indianapolis Colts,26,34,27,39,341,3,0,2,12,9.1,8.3,69.2,121.8,24,81,3.4,0,2,2,4,4,4,204,4,10,0,0,32:30
2016,8,Thu,October 27,W,0,Tennessee Titans,Jacksonville Jaguars,36,22,33,54,322,3,0,2,15,6.2,5.8,61.1,96.4,11,48,4.4,0,0,0,2,2,6,275,6,13,0,1,25:35
2016,9,Sun,November 6,L,0,Tennessee Titans,San Diego Chargers,35,43,24,33,268,2,0,1,7,8.3,7.9,72.7,116.7,39,208,5.3,1,3,3,4,5,3,140,5,11,0,0,36:29
2016,10,Sun,November 13,W,0,Tennessee Titans,Green Bay Packers,47,25,32,55,333,2,2,5,46,6.9,5.6,58.2,72.8,13,69,5.3,1,2,2,1,2,4,202,4,15,2,4,30:29
2016,11,Sun,November 20,L,0,Tennessee Titans,Indianapolis Colts,17,24,15,28,251,2,1,2,11,9.4,8.4,53.6,93.0,28,76,2.7,1,1,2,3,3,3,132,5,12,1,1,28:59
2016,12,Sun,November 27,W,0,Tennessee Titans,Chicago Bears,27,21,28,54,316,3,2,0,0,5.9,5.9,51.9,72.8,22,95,4.3,0,0,0,3,3,4,182,9,17,1,3,30:35
2016,14,Sun,December 11,W,0,Tennessee Titans,Denver Broncos,13,10,36,52,330,1,0,3,20,6.7,6.0,69.2,92.6,9,18,2.0,0,1,1,1,1,5,207,3,11,1,2,27:33
2016,15,Sun,December 18,W,0,Tennessee Titans,Kansas City Chiefs,19,17,15,28,159,0,1,1,4,5.8,5.5,53.6,55.5,28,157,5.6,2,1,1,2,2,6,273,4,14,1,2,29:25
2016,16,Sat,December 24,L,0,Tennessee Titans,Jacksonville Jaguars,17,38,27,39,331,2,0,2,14,8.8,8.1,69.2,112.2,28,84,3.0,1,4,4,2,4,3,143,4,12,0,0,32:31
2016,17,Sun,January 1,W,0,Tennessee Titans,Houston Texans,24,17,26,48,243,1,0,4,35,5.8,4.7,54.2,75.3,22,46,2.1,1,1,2,2,2,3,142,3,15,4,6,29:08
2016,1,Mon,September 12,L,0,Washington Commanders,Pittsburgh Steelers,16,38,27,37,290,3,1,1,10,8.1,7.6,73.0,111.3,30,147,4.9,2,1,1,5,5,2,107,9,14,2,2,33:18
2016,2,Sun,September 18,L,0,Washington Commanders,Dallas Cowboys,23,27,22,30,278,0,0,4,14,9.7,8.2,73.3,101.8,30,102,3.4,3,2,2,3,3,3,142,6,12,1,1,32:51
2016,3,Sun,September 25,W,0,Washington Commanders,New York Giants,29,27,25,38,337,1,2,2,13,9.2,8.4,65.8,80.7,21,120,5.7,2,2,2,3,3,3,142,4,9,0,0,26:34
2016,4,Sun,October 2,W,0,Washington Commanders,Cleveland Browns,31,20,28,40,217,1,1,1,6,5.6,5.3,70.0,80.9,28,163,5.8,1,2,2,2,2,1,55,8,12,0,1,28:57
2016,5,Sun,October 9,W,0,Washington Commanders,Baltimore Ravens,16,10,30,47,188,1,0,3,22,4.5,3.8,63.8,79.0,19,118,6.2,0,1,1,1,1,8,381,3,15,1,3,30:25
2016,6,Sun,October 16,W,0,Washington Commanders,Philadelphia Eagles,27,20,11,22,145,0,0,5,34,8.1,5.4,50.0,71.2,21,94,4.5,0,2,2,2,2,6,266,4,12,0,0,25:47
2016,7,Sun,October 23,L,0,Washington Commanders,Detroit Lions,17,20,18,29,250,1,0,3,16,9.2,7.8,62.1,101.2,19,94,4.9,1,2,3,2,2,3,153,3,9,0,0,25:01
2016,8,Sun,October 30,T,1,Washington Commanders,Cincinnati Bengals,27,27,27,42,263,1,1,3,21,6.8,5.8,64.3,79.8,36,152,4.2,3,0,1,3,4,5,261,8,15,0,0,35:18
2016,10,Sun,November 13,W,0,Washington Commanders,Minnesota Vikings,26,20,31,40,284,2,1,3,23,7.7,6.6,77.5,102.5,21,47,2.2,1,0,0,2,3,5,217,5,11,0,1,30:04
2016,11,Sun,November 20,W,0,Washington Commanders,Green Bay Packers,42,24,27,44,340,3,1,2,20,8.2,7.4,61.4,98.7,19,84,4.4,0,1,2,3,3,3,138,7,15,1,2,30:23
2016,12,Thu,November 24,L,0,Washington Commanders,Dallas Cowboys,26,31,17,24,190,1,0,1,5,8.1,7.6,70.8,108.0,30,163,5.4,3,1,1,4,4,2,88,4,8,0,0,26:36
2016,13,Sun,December 4,L,0,Washington Commanders,Arizona Cardinals,23,31,30,46,281,3,0,2,19,6.5,5.9,65.2,103.6,24,88,3.7,1,1,2,4,4,3,119,10,16,1,1,33:46
2016,14,Sun,December 11,W,0,Washington Commanders,Philadelphia Eagles,27,22,32,46,288,1,1,4,26,6.8,5.8,69.6,84.3,26,95,3.7,0,3,3,1,1,2,106,9,18,2,3,36:38
2016,15,Mon,December 19,L,0,Washington Commanders,Carolina Panthers,15,26,21,37,290,2,0,2,10,8.1,7.4,56.8,100.1,33,148,4.5,0,4,5,2,2,6,208,4,15,0,0,34:39
2016,16,Sat,December 24,W,0,Washington Commanders,Chicago Bears,41,21,24,40,318,2,5,1,5,8.1,7.8,60.0,62.3,26,140,5.4,1,0,1,3,3,1,51,7,10,1,1,27:25
2016,17,Sun,January 1,L,0,Washington Commanders,New York Giants,10,19,17,27,171,0,0,1,9,6.7,6.1,63.0,80.9,40,161,4.0,1,2,2,1,1,8,363,6,17,0,1,35:52
